tourney_date,tourney_name,surface,round,p1_win_prob,p2_win_prob,label,correct
20260206,Davis Cup QLS R1: CHI vs SRB,Clay,RR,0.872714019941566,0.12728598005843395,1,1
20260206,Davis Cup QLS R1: CHI vs SRB,Clay,RR,0.6700180985593939,0.32998190144060613,1,1
20260206,Davis Cup QLS R1: CHI vs SRB,Clay,RR,0.6692591581931139,0.3307408418068861,1,1
20260206,Davis Cup WG1 PO: PAR vs ROU,Clay,RR,0.7513218531273547,0.24867814687264533,1,1
20260206,Davis Cup WG1 PO: PAR vs ROU,Clay,RR,0.6086812081736385,0.39131879182636153,1,1
20260206,Davis Cup WG1 PO: SLO vs TUR,Clay,RR,0.5221563035766986,0.4778436964233014,1,1
20260206,Davis Cup WG1 PO: SLO vs TUR,Clay,RR,0.8086672735009555,0.19133272649904454,1,1
20260206,Davis Cup WG1 PO: SLO vs TUR,Clay,RR,0.6197178896966486,0.38028211030335135,1,1
20260206,Davis Cup WG1 PO: PAR vs ROU,Clay,RR,0.7620810955042548,0.23791890449574515,1,1
20260207,Davis Cup WG1 PO: MAR vs COL,Clay,RR,0.23806981146153244,0.7619301885384675,1,0
20260207,Davis Cup QLS R1: USA vs HUN,Clay,RR,0.909686291431924,0.09031370856807597,1,1
20260207,Davis Cup QLS R1: BEL vs BUL,Clay,RR,0.8866131013669235,0.1133868986330765,1,1
20260207,Davis Cup QLS R1: AUS vs ECU,Clay,RR,0.33708681751595376,0.6629131824840462,1,0
20260207,Davis Cup QLS R1: BEL vs BUL,Clay,RR,0.8293212829332899,0.17067871706671012,1,1
20260207,Davis Cup QLS R1: AUS vs ECU,Clay,RR,0.6843454727013908,0.3156545272986092,1,1
20260207,Davis Cup WG1 PO: EGY vs POL,Clay,RR,0.4705758187151086,0.5294241812848914,1,0
20260207,Davis Cup QLS R1: BEL vs BUL,Clay,RR,0.8713029974223931,0.12869700257760686,1,1
20260207,Davis Cup QLS R1: AUS vs ECU,Clay,RR,0.23231292390455252,0.7676870760954475,1,0
20260207,Davis Cup WG1 PO: EGY vs POL,Clay,RR,0.46397248473831393,0.536027515261686,1,0
20260207,Davis Cup WG1 PO: MAR vs COL,Clay,RR,0.6205465046127928,0.3794534953872072,1,1
20260207,Davis Cup WG1 PO: MAR vs COL,Clay,RR,0.814335722765757,0.18566427723424295,1,1
20260207,Davis Cup WG1 PO: EGY vs POL,Clay,RR,0.3328931645831525,0.6671068354168475,1,0
20260207,Davis Cup QLS R1: USA vs HUN,Clay,RR,0.3612482976595868,0.6387517023404132,1,0
20260207,Davis Cup QLS R1: USA vs HUN,Clay,RR,0.8642532406608767,0.13574675933912328,1,1
20260209,Buenos Aires,Clay,R32,0.3388600980719528,0.6611399019280473,1,0
20260209,Buenos Aires,Clay,R16,0.9154690431054843,0.08453095689451573,1,1
20260209,Buenos Aires,Clay,R32,0.46380832388861964,0.5361916761113803,1,0
20260209,Buenos Aires,Clay,R32,0.6831345751323004,0.31686542486769964,1,1
20260209,Buenos Aires,Clay,R32,0.6806145848477495,0.3193854151522505,1,1
20260209,Buenos Aires,Clay,R16,0.21400670465963245,0.7859932953403675,1,0
20260209,Buenos Aires,Clay,R32,0.1604034572560863,0.8395965427439137,1,0
20260209,Buenos Aires,Clay,R32,0.7380137529102185,0.26198624708978147,1,1
20260209,Buenos Aires,Clay,QF,0.8718057662588937,0.12819423374110628,1,1
20260209,Buenos Aires,Clay,R32,0.7507059326763192,0.24929406732368076,1,1
20260209,Buenos Aires,Clay,R32,0.9419487372560565,0.058051262743943455,1,1
20260209,Buenos Aires,Clay,QF,0.36291441757205667,0.6370855824279433,1,0
20260209,Buenos Aires,Clay,QF,0.3056017046252736,0.6943982953747264,1,0
20260209,Buenos Aires,Clay,SF,0.17475688661617342,0.8252431133838266,1,0
20260209,Buenos Aires,Clay,SF,0.6525656894731988,0.3474343105268012,1,1
20260209,Buenos Aires,Clay,F,0.5873920357887795,0.4126079642112205,1,1
20260209,Buenos Aires,Clay,R16,0.4084898769343663,0.5915101230656337,1,0
20260209,Buenos Aires,Clay,R16,0.8298466886607223,0.1701533113392777,1,1
20260209,Buenos Aires,Clay,R16,0.7216026934780227,0.27839730652197725,1,1
20260209,Buenos Aires,Clay,R16,0.6689613591456154,0.3310386408543846,1,1
20260209,Buenos Aires,Clay,R16,0.21228754302776015,0.7877124569722398,1,0
20260209,Buenos Aires,Clay,QF,0.7647751546485101,0.2352248453514899,1,1
20260209,Buenos Aires,Clay,R32,0.7328430613651709,0.26715693863482914,1,1
20260209,Buenos Aires,Clay,R32,0.8412934185761389,0.15870658142386107,1,1
20260209,Buenos Aires,Clay,R32,0.8920170006623519,0.1079829993376481,1,1
20260209,Buenos Aires,Clay,R16,0.8329211645229339,0.16707883547706615,1,1
20260209,Buenos Aires,Clay,R32,0.774688766368048,0.22531123363195205,1,1
20260216,Rio de Janeiro,Clay,R32,0.8204931560514912,0.1795068439485088,1,1
20260216,Rio de Janeiro,Clay,R32,0.25380312128033067,0.7461968787196693,1,0
20260216,Rio de Janeiro,Clay,R32,0.7266136553448657,0.27338634465513434,1,1
20260216,Rio de Janeiro,Clay,R32,0.8641297468950585,0.1358702531049415,1,1
20260216,Rio de Janeiro,Clay,R32,0.44274046121367877,0.5572595387863213,1,0
20260216,Rio de Janeiro,Clay,R32,0.8643298816707783,0.1356701183292217,1,1
20260216,Rio de Janeiro,Clay,QF,0.18072419688171099,0.819275803118289,1,0
20260216,Rio de Janeiro,Clay,R32,0.916486807194602,0.08351319280539804,1,1
20260216,Rio de Janeiro,Clay,R32,0.2140423901075908,0.7859576098924093,1,0
20260216,Rio de Janeiro,Clay,R32,0.6045047156500178,0.39549528434998216,1,1
20260216,Rio de Janeiro,Clay,R32,0.6547822503641799,0.3452177496358201,1,1
20260216,Rio de Janeiro,Clay,F,0.23751712288370014,0.7624828771162999,1,0
20260216,Rio de Janeiro,Clay,R32,0.7261410916666844,0.2738589083333156,1,1
20260216,Rio de Janeiro,Clay,R16,0.44540918395420065,0.5545908160457993,1,0
20260216,Rio de Janeiro,Clay,R16,0.19874633809444225,0.8012536619055577,1,0
20260216,Rio de Janeiro,Clay,R16,0.7451163540290238,0.25488364597097624,1,1
20260216,Rio de Janeiro,Clay,R32,0.1416352717367882,0.8583647282632119,1,0
20260216,Rio de Janeiro,Clay,R32,0.8351123363963482,0.1648876636036518,1,1
20260216,Rio de Janeiro,Clay,R32,0.5606319874164645,0.4393680125835355,1,1
20260216,Rio de Janeiro,Clay,SF,0.5839179435695049,0.4160820564304951,1,1
20260216,Rio de Janeiro,Clay,SF,0.6496702702928228,0.35032972970717724,1,1
20260216,Rio de Janeiro,Clay,QF,0.7398921854598376,0.2601078145401624,1,1
20260216,Rio de Janeiro,Clay,QF,0.40993633161178483,0.5900636683882152,1,0
20260216,Rio de Janeiro,Clay,R16,0.2452964331686999,0.7547035668313001,1,0
20260216,Rio de Janeiro,Clay,R16,0.28250278484929575,0.7174972151507042,1,0
20260216,Rio de Janeiro,Clay,R16,0.8092709793105723,0.19072902068942765,1,1
20260216,Rio de Janeiro,Clay,R32,0.8539385614672954,0.1460614385327046,1,1
20260216,Rio de Janeiro,Clay,QF,0.564995466727543,0.43500453327245703,1,1
20260216,Rio de Janeiro,Clay,R32,0.9191279320624288,0.08087206793757118,1,1
20260216,Rio de Janeiro,Clay,R16,0.4318311830704708,0.5681688169295291,1,0
20260216,Rio de Janeiro,Clay,R16,0.6864966838000404,0.31350331619995964,1,1
20260223,Santiago,Clay,QF,0.8945436144995226,0.10545638550047742,1,1
20260223,Santiago,Clay,F,0.8184046641291547,0.1815953358708453,1,1
20260223,Santiago,Clay,SF,0.6499117658363195,0.3500882341636805,1,1
20260223,Santiago,Clay,SF,0.8142149941008735,0.1857850058991265,1,1
20260223,Santiago,Clay,QF,0.8812929397194244,0.11870706028057565,1,1
20260223,Santiago,Clay,QF,0.7742091837317183,0.22579081626828168,1,1
20260223,Santiago,Clay,R16,0.8395547289886962,0.1604452710113038,1,1
20260223,Santiago,Clay,R16,0.8686900911595236,0.13130990884047644,1,1
20260223,Santiago,Clay,R16,0.7669142199584947,0.23308578004150526,1,1
20260223,Santiago,Clay,R16,0.8298701739077898,0.17012982609221017,1,1
20260223,Santiago,Clay,R16,0.7515567546831176,0.24844324531688244,1,1
20260223,Santiago,Clay,R16,0.83439182789061,0.16560817210939005,1,1
20260223,Santiago,Clay,R32,0.5117803523480265,0.48821964765197345,1,1
20260223,Santiago,Clay,R32,0.7888942134610721,0.21110578653892786,1,1
20260223,Santiago,Clay,R32,0.811351113370093,0.18864888662990698,1,1
20260223,Santiago,Clay,R16,0.6904043365091761,0.3095956634908239,1,1
20260223,Santiago,Clay,R32,0.7407561488822438,0.25924385111775616,1,1
20260223,Santiago,Clay,R32,0.5813927820688245,0.4186072179311755,1,1
20260223,Santiago,Clay,R32,0.8861579524349944,0.1138420475650056,1,1
20260223,Santiago,Clay,QF,0.7583918898040163,0.24160811019598372,1,1
20260223,Santiago,Clay,R32,0.8423541351534303,0.15764586484656973,1,1
20260223,Santiago,Clay,R32,0.8910410299055312,0.10895897009446875,1,1
20260223,Santiago,Clay,R32,0.7907473712022521,0.20925262879774786,1,1
20260223,Santiago,Clay,R32,0.6957283163009987,0.30427168369900126,1,1
20260223,Santiago,Clay,R32,0.7781792537669389,0.22182074623306114,1,1
20260223,Santiago,Clay,R16,0.9001491058727118,0.0998508941272882,1,1
20260223,Santiago,Clay,R32,0.7761489863910479,0.2238510136089521,1,1
20260330,Bucharest,Clay,R32,0.2098417502750606,0.7901582497249394,1,0
20260330,Bucharest,Clay,R16,0.27276000438771636,0.7272399956122837,1,0
20260330,Bucharest,Clay,R16,0.16123634849951252,0.8387636515004875,1,0
20260330,Bucharest,Clay,R32,0.321949256507379,0.6780507434926211,1,0
20260330,Bucharest,Clay,R32,0.691583540561227,0.30841645943877305,1,1
20260330,Bucharest,Clay,R32,0.6385686996001767,0.3614313003998233,1,1
20260330,Bucharest,Clay,R32,0.8564974858232248,0.14350251417677518,1,1
20260330,Bucharest,Clay,QF,0.3490212760303302,0.6509787239696698,1,0
20260330,Marrakech,Clay,F,0.5921618820113514,0.40783811798864855,1,1
20260330,Bucharest,Clay,R16,0.7571378460254606,0.24286215397453936,1,1
20260330,Bucharest,Clay,R16,0.6732667341739098,0.3267332658260902,1,1
20260330,Bucharest,Clay,R16,0.4258121888569136,0.5741878111430865,1,0
20260330,Marrakech,Clay,QF,0.6387064295326872,0.3612935704673128,1,1
20260330,Marrakech,Clay,R32,0.7739372136395253,0.22606278636047472,1,1
20260330,Houston,Clay,SF,0.19003237587189123,0.8099676241281087,1,0
20260330,Marrakech,Clay,R32,0.8044517012465506,0.19554829875344937,1,1
20260330,Marrakech,Clay,R16,0.8981235358848964,0.10187646411510365,1,1
20260330,Marrakech,Clay,R32,0.742466690336109,0.257533309663891,1,1
20260330,Marrakech,Clay,R32,0.2708409321978677,0.7291590678021322,1,0
20260330,Houston,Clay,R32,0.2786593409795177,0.7213406590204823,1,0
20260330,Marrakech,Clay,R32,0.8667111882061646,0.13328881179383545,1,1
20260330,Bucharest,Clay,QF,0.5033363442668263,0.4966636557331737,1,1
20260330,Marrakech,Clay,R32,0.13687847154158028,0.8631215284584197,1,0
20260330,Marrakech,Clay,R32,0.7933526221296523,0.2066473778703477,1,1
20260330,Bucharest,Clay,SF,0.635331378019658,0.364668621980342,1,1
20260330,Bucharest,Clay,F,0.786521734319031,0.21347826568096895,1,1
20260330,Marrakech,Clay,R32,0.7459035906902972,0.2540964093097028,1,1
20260330,Bucharest,Clay,R16,0.8413762050104892,0.15862379498951085,1,1
20260330,Houston,Clay,R16,0.8149867356712986,0.18501326432870135,1,1
20260330,Marrakech,Clay,QF,0.6103294953268261,0.3896705046731739,1,1
20260330,Bucharest,Clay,QF,0.5658344836921508,0.43416551630784916,1,1
20260330,Houston,Clay,R32,0.8479566531534055,0.15204334684659448,1,1
20260330,Bucharest,Clay,R32,0.7173216494474808,0.2826783505525192,1,1
20260330,Houston,Clay,QF,0.6559446501507514,0.34405534984924857,1,1
20260330,Houston,Clay,QF,0.6237330036312075,0.37626699636879246,1,1
20260330,Houston,Clay,R16,0.805631967599144,0.19436803240085598,1,1
20260330,Houston,Clay,R16,0.8660117039415836,0.13398829605841645,1,1
20260330,Marrakech,Clay,R16,0.6867967984847005,0.31320320151529946,1,1
20260330,Bucharest,Clay,R32,0.7579684644528845,0.24203153554711554,1,1
20260330,Bucharest,Clay,QF,0.4202958237746405,0.5797041762253595,1,0
20260330,Houston,Clay,QF,0.7044838747295025,0.29551612527049753,1,1
20260330,Houston,Clay,SF,0.6078491368922303,0.3921508631077697,1,1
20260330,Bucharest,Clay,R16,0.7536833651785995,0.24631663482140054,1,1
20260330,Bucharest,Clay,R16,0.7926244285327365,0.2073755714672635,1,1
20260330,Houston,Clay,R32,0.6411292732674136,0.35887072673258635,1,1
20260330,Houston,Clay,F,0.836878942227152,0.16312105777284802,1,1
20260330,Marrakech,Clay,R32,0.27554201662879074,0.7244579833712093,1,0
20260330,Marrakech,Clay,R32,0.8047681233668896,0.19523187663311037,1,1
20260330,Marrakech,Clay,SF,0.46291938047647313,0.5370806195235269,1,0
20260330,Houston,Clay,R32,0.8732724057420733,0.12672759425792668,1,1
20260330,Marrakech,Clay,R16,0.5036149009334066,0.49638509906659345,1,1
20260330,Marrakech,Clay,R32,0.8328055087464458,0.16719449125355423,1,1
20260330,Marrakech,Clay,QF,0.5341142481059479,0.4658857518940521,1,1
20260330,Marrakech,Clay,R16,0.894884996548351,0.10511500345164904,1,1
20260330,Marrakech,Clay,R16,0.4540708750063167,0.5459291249936833,1,0
20260330,Marrakech,Clay,R16,0.48385943121966474,0.5161405687803353,1,0
20260330,Houston,Clay,R16,0.8673857202812324,0.1326142797187676,1,1
20260330,Marrakech,Clay,SF,0.25792509269953096,0.7420749073004691,1,0
20260330,Houston,Clay,R32,0.24002222758966824,0.7599777724103318,1,0
20260330,Marrakech,Clay,R16,0.5979210773034391,0.40207892269656087,1,1
20260330,Houston,Clay,R32,0.7217481555374419,0.27825184446255813,1,1
20260330,Marrakech,Clay,R16,0.45251800510618306,0.547481994893817,1,0
20260330,Bucharest,Clay,R32,0.7491686340047709,0.25083136599522915,1,1
20260330,Bucharest,Clay,R32,0.8078734060953435,0.19212659390465647,1,1
20260330,Marrakech,Clay,QF,0.5585760030812252,0.44142399691877476,1,1
20260330,Marrakech,Clay,R32,0.4841878289027691,0.5158121710972309,1,0
20260330,Houston,Clay,R16,0.847322807985772,0.15267719201422802,1,1
20260330,Bucharest,Clay,SF,0.27401130216047925,0.7259886978395207,1,0
20260330,Bucharest,Clay,R32,0.8923688324731108,0.10763116752688917,1,1
20260330,Houston,Clay,R16,0.5884546633262162,0.4115453366737838,1,1
20260330,Houston,Clay,R32,0.8207441972944746,0.17925580270552544,1,1
20260330,Houston,Clay,QF,0.28890559236770147,0.7110944076322985,1,0
20260330,Houston,Clay,R32,0.7556074203534707,0.24439257964652927,1,1
20260330,Bucharest,Clay,R32,0.7221489732386626,0.27785102676133744,1,1
20260330,Houston,Clay,R32,0.742192713867358,0.25780728613264203,1,1
20260330,Houston,Clay,R32,0.886404628071077,0.113595371928923,1,1
20260330,Houston,Clay,R32,0.7189657097677289,0.2810342902322711,1,1
20260330,Bucharest,Clay,R32,0.8046983897085914,0.19530161029140858,1,1
20260330,Houston,Clay,R16,0.4624407451300635,0.5375592548699365,1,0
20260330,Houston,Clay,R32,0.838255906926196,0.161744093073804,1,1
20260330,Houston,Clay,R16,0.8598621917308781,0.14013780826912192,1,1
20260405,Monte Carlo Masters,Clay,QF,0.9094579305915352,0.09054206940846476,1,1
20260405,Monte Carlo Masters,Clay,QF,0.8853611700619562,0.11463882993804375,1,1
20260405,Monte Carlo Masters,Clay,SF,0.7469590239488604,0.2530409760511396,1,1
20260405,Monte Carlo Masters,Clay,R32,0.9430520221537364,0.0569479778462636,1,1
20260405,Monte Carlo Masters,Clay,R32,0.5733455499473668,0.42665445005263325,1,1
20260405,Monte Carlo Masters,Clay,R16,0.5991055919506064,0.4008944080493936,1,1
20260405,Monte Carlo Masters,Clay,SF,0.9617116715884109,0.038288328411589134,1,1
20260405,Monte Carlo Masters,Clay,R32,0.9694119421394612,0.030588057860538753,1,1
20260405,Monte Carlo Masters,Clay,R64,0.8021773961406996,0.1978226038593004,1,1
20260405,Monte Carlo Masters,Clay,R64,0.740888847669159,0.25911115233084103,1,1
20260405,Monte Carlo Masters,Clay,R16,0.6184842827796566,0.3815157172203434,1,1
20260405,Monte Carlo Masters,Clay,R64,0.5140413767396657,0.48595862326033434,1,1
20260405,Monte Carlo Masters,Clay,R32,0.8438664294844717,0.15613357051552834,1,1
20260405,Monte Carlo Masters,Clay,R32,0.6687035371651544,0.3312964628348456,1,1
20260405,Monte Carlo Masters,Clay,R64,0.8304455733274968,0.1695544266725032,1,1
20260405,Monte Carlo Masters,Clay,R32,0.7625366022761608,0.23746339772383918,1,1
20260405,Monte Carlo Masters,Clay,R32,0.9426398137711468,0.057360186228853194,1,1
20260405,Monte Carlo Masters,Clay,R16,0.9762419785695128,0.02375802143048722,1,1
20260405,Monte Carlo Masters,Clay,R16,0.9232436447521756,0.07675635524782443,1,1
20260405,Monte Carlo Masters,Clay,R32,0.3538005775294081,0.6461994224705919,1,0
20260405,Monte Carlo Masters,Clay,R64,0.8448081461930568,0.15519185380694323,1,1
20260405,Monte Carlo Masters,Clay,QF,0.33383830424306016,0.6661616957569398,1,0
20260405,Monte Carlo Masters,Clay,R64,0.8839299986681407,0.1160700013318593,1,1
20260405,Monte Carlo Masters,Clay,R64,0.8224825664473651,0.17751743355263494,1,1
20260405,Monte Carlo Masters,Clay,R64,0.7374574842148405,0.2625425157851595,1,1
20260405,Monte Carlo Masters,Clay,R64,0.8615488496015381,0.1384511503984619,1,1
20260405,Monte Carlo Masters,Clay,R32,0.4197381419036156,0.5802618580963844,1,0
20260405,Monte Carlo Masters,Clay,R64,0.8197547130127325,0.1802452869872675,1,1
20260405,Monte Carlo Masters,Clay,R32,0.14537099931204678,0.8546290006879532,1,0
20260405,Monte Carlo Masters,Clay,R64,0.11034455789428661,0.8896554421057133,1,0
20260405,Monte Carlo Masters,Clay,R64,0.8139203738333448,0.1860796261666552,1,1
20260405,Monte Carlo Masters,Clay,R16,0.9265891683959884,0.07341083160401163,1,1
20260405,Monte Carlo Masters,Clay,F,0.43657969521298406,0.5634203047870159,1,0
20260405,Monte Carlo Masters,Clay,R32,0.5751376249234401,0.4248623750765599,1,1
20260405,Monte Carlo Masters,Clay,R32,0.5620883220316271,0.43791167796837294,1,1
20260405,Monte Carlo Masters,Clay,R16,0.4728288632690946,0.5271711367309053,1,0
20260405,Monte Carlo Masters,Clay,R64,0.5302303069116667,0.4697696930883333,1,1
20260405,Monte Carlo Masters,Clay,R64,0.8664399655538505,0.1335600344461495,1,1
20260405,Monte Carlo Masters,Clay,R16,0.8838371548039808,0.11616284519601916,1,1
20260405,Monte Carlo Masters,Clay,R32,0.8725787237489503,0.1274212762510497,1,1
20260405,Monte Carlo Masters,Clay,R64,0.8669544116591454,0.13304558834085456,1,1
20260405,Monte Carlo Masters,Clay,R32,0.7683885006972322,0.2316114993027678,1,1
20260405,Monte Carlo Masters,Clay,R64,0.5208103393485726,0.47918966065142743,1,1
20260405,Monte Carlo Masters,Clay,R64,0.7868635683745251,0.2131364316254749,1,1
20260405,Monte Carlo Masters,Clay,R32,0.5077177576842788,0.49228224231572115,1,1
20260405,Monte Carlo Masters,Clay,R64,0.5340326530748393,0.46596734692516073,1,1
20260405,Monte Carlo Masters,Clay,R64,0.5851373207660959,0.4148626792339041,1,1
20260405,Monte Carlo Masters,Clay,QF,0.8604664691500363,0.13953353084996367,1,1
20260405,Monte Carlo Masters,Clay,R64,0.7611538540710303,0.2388461459289697,1,1
20260405,Monte Carlo Masters,Clay,R64,0.7909184455330495,0.20908155446695054,1,1
20260405,Monte Carlo Masters,Clay,R16,0.5974830628383049,0.4025169371616951,1,1
20260405,Monte Carlo Masters,Clay,R64,0.8904697233146521,0.10953027668534787,1,1
20260405,Monte Carlo Masters,Clay,R64,0.8220636258807175,0.17793637411928254,1,1
20260405,Monte Carlo Masters,Clay,R64,0.8178359947376035,0.1821640052623965,1,1
20260405,Monte Carlo Masters,Clay,R32,0.32087743689213366,0.6791225631078663,1,0
20260413,Munich,Clay,R32,0.7090452564236102,0.29095474357638984,1,1
20260413,Barcelona,Clay,R32,0.8662563607531899,0.1337436392468101,1,1
20260413,Munich,Clay,SF,0.701576427590707,0.29842357240929296,1,1
20260413,Barcelona,Clay,R16,0.33290097448384953,0.6670990255161504,1,0
20260413,Munich,Clay,QF,0.8218501690927151,0.17814983090728487,1,1
20260413,Barcelona,Clay,R32,0.6821117573092347,0.3178882426907653,1,1
20260413,Munich,Clay,R16,0.8655788772162333,0.13442112278376672,1,1
20260413,Munich,Clay,QF,0.8686740413289606,0.13132595867103936,1,1
20260413,Munich,Clay,R32,0.8609765366534018,0.1390234633465982,1,1
20260413,Barcelona,Clay,R16,0.5414161588951324,0.4585838411048676,1,1
20260413,Barcelona,Clay,R16,0.11189717542487886,0.8881028245751211,1,0
20260413,Barcelona,Clay,R16,0.8573720562383281,0.14262794376167187,1,1
20260413,Barcelona,Clay,QF,0.6295889826741236,0.37041101732587645,1,1
20260413,Barcelona,Clay,QF,0.8454541789675907,0.15454582103240933,1,1
20260413,Barcelona,Clay,SF,0.791110585565994,0.208889414434006,1,1
20260413,Barcelona,Clay,R16,0.18405854554843631,0.8159414544515637,1,0
20260413,Barcelona,Clay,R16,0.8818634070976711,0.11813659290232892,1,1
20260413,Munich,Clay,R16,0.7756553932372593,0.2243446067627407,1,1
20260413,Barcelona,Clay,R32,0.9413631078152935,0.05863689218470647,1,1
20260413,Munich,Clay,SF,0.1765361370913416,0.8234638629086584,1,0
20260413,Munich,Clay,R16,0.8322699223612342,0.1677300776387658,1,1
20260413,Barcelona,Clay,R32,0.8293107309320473,0.17068926906795268,1,1
20260413,Munich,Clay,F,0.5678551032371666,0.4321448967628334,1,1
20260413,Barcelona,Clay,F,0.33199352454908326,0.6680064754509167,1,0
20260413,Barcelona,Clay,R16,0.874706666080669,0.12529333391933095,1,1
20260413,Munich,Clay,R32,0.8865023497246232,0.11349765027537684,1,1
20260413,Munich,Clay,R32,0.8631900120476589,0.13680998795234112,1,1
20260413,Munich,Clay,R32,0.9392230340995223,0.06077696590047765,1,1
20260413,Munich,Clay,R32,0.9015487837137923,0.09845121628620768,1,1
20260413,Munich,Clay,R32,0.8552700098339074,0.14472999016609256,1,1
20260413,Munich,Clay,R16,0.8519553571105735,0.14804464288942654,1,1
20260413,Barcelona,Clay,R32,0.5397496888303634,0.46025031116963655,1,1
20260413,Munich,Clay,R32,0.5971561084723489,0.4028438915276511,1,1
20260413,Munich,Clay,R16,0.2621961884346646,0.7378038115653354,1,0
20260413,Munich,Clay,QF,0.7730066524029526,0.22699334759704737,1,1
20260413,Munich,Clay,R16,0.8688811876014485,0.1311188123985515,1,1
20260413,Barcelona,Clay,R32,0.9044703033999745,0.09552969660002553,1,1
20260413,Munich,Clay,R32,0.3030009432155164,0.6969990567844836,1,0
20260413,Barcelona,Clay,R32,0.7354077098142403,0.2645922901857597,1,1
20260413,Barcelona,Clay,R32,0.7631504411308252,0.2368495588691748,1,1
20260413,Barcelona,Clay,R32,0.771926516336376,0.228073483663624,1,1
20260413,Munich,Clay,R32,0.8747852170266397,0.1252147829733603,1,1
20260413,Barcelona,Clay,R32,0.8334610716610963,0.1665389283389037,1,1
20260413,Barcelona,Clay,QF,0.42150720789083873,0.5784927921091613,1,0
20260413,Barcelona,Clay,R32,0.8619121138665197,0.13808788613348033,1,1
20260413,Munich,Clay,QF,0.796034905498727,0.20396509450127298,1,1
20260413,Barcelona,Clay,R32,0.9015809236280821,0.09841907637191794,1,1
20260413,Barcelona,Clay,SF,0.8068235673308979,0.19317643266910212,1,1
20260413,Barcelona,Clay,R32,0.849567897109064,0.150432102890936,1,1
20260413,Barcelona,Clay,R32,0.8213738421155509,0.17862615788444913,1,1
20260413,Munich,Clay,R16,0.7355108049623882,0.2644891950376118,1,1
20260413,Munich,Clay,R32,0.9137877444104221,0.0862122555895779,1,1
20260413,Munich,Clay,R32,0.808909399763453,0.191090600236547,1,1
20260413,Munich,Clay,R16,0.5446438762819553,0.4553561237180447,1,1
20260413,Munich,Clay,R32,0.7388819649354043,0.26111803506459574,1,1
20260413,Barcelona,Clay,QF,0.48278887622387423,0.5172111237761258,1,0
20260413,Barcelona,Clay,R16,0.8668574855108356,0.13314251448916437,1,1
20260413,Barcelona,Clay,R32,0.8572694894327273,0.1427305105672727,1,1
20260413,Munich,Clay,R32,0.825265807135637,0.17473419286436298,1,1
20260413,Munich,Clay,R32,0.679657704157122,0.320342295842878,1,1
20260413,Barcelona,Clay,R32,0.9864463141437625,0.013553685856237507,1,1
20260413,Munich,Clay,R32,0.82201528332376,0.17798471667624005,1,1
20260422,Madrid Masters,Clay,R64,0.08380706153284183,0.9161929384671582,1,0
20260422,Madrid Masters,Clay,R32,0.7194898229304608,0.2805101770695392,1,1
20260422,Madrid Masters,Clay,R64,0.8177419185445929,0.18225808145540712,1,1
20260422,Madrid Masters,Clay,R16,0.21438390179245018,0.7856160982075499,1,0
20260422,Madrid Masters,Clay,R64,0.5709912497001679,0.4290087502998321,1,1
20260422,Madrid Masters,Clay,R128,0.19485982346904931,0.8051401765309507,1,0
20260422,Madrid Masters,Clay,R64,0.9895265586255486,0.010473441374451387,1,1
20260422,Madrid Masters,Clay,R64,0.8854443408044671,0.1145556591955329,1,1
20260422,Madrid Masters,Clay,R64,0.22955922893641725,0.7704407710635828,1,0
20260422,Madrid Masters,Clay,R64,0.22633143614088203,0.773668563859118,1,0
20260422,Madrid Masters,Clay,R32,0.9323725066757651,0.0676274933242349,1,1
20260422,Madrid Masters,Clay,R64,0.5685015894762065,0.43149841052379345,1,1
20260422,Madrid Masters,Clay,R64,0.7257818119552296,0.2742181880447704,1,1
20260422,Madrid Masters,Clay,R128,0.8523813951495801,0.1476186048504199,1,1
20260422,Madrid Masters,Clay,R64,0.1339110349284416,0.8660889650715584,1,0
20260422,Madrid Masters,Clay,R128,0.606132927614176,0.39386707238582397,1,1
20260422,Madrid Masters,Clay,R32,0.870348754248962,0.12965124575103804,1,1
20260422,Madrid Masters,Clay,R128,0.8015939207046272,0.1984060792953728,1,1
20260422,Madrid Masters,Clay,R64,0.7141449951191002,0.28585500488089977,1,1
20260422,Madrid Masters,Clay,R128,0.7875444537489759,0.21245554625102414,1,1
20260422,Madrid Masters,Clay,R128,0.7878173560093436,0.21218264399065645,1,1
20260422,Madrid Masters,Clay,SF,0.8616560987846016,0.1383439012153984,1,1
20260422,Madrid Masters,Clay,R64,0.5972376175910814,0.4027623824089186,1,1
20260422,Madrid Masters,Clay,R16,0.8855897021415327,0.11441029785846735,1,1
20260422,Madrid Masters,Clay,R16,0.8628869099515868,0.1371130900484132,1,1
20260422,Madrid Masters,Clay,R16,0.9223112464673761,0.07768875353262394,1,1
20260422,Madrid Masters,Clay,QF,0.20701702547257006,0.7929829745274299,1,0
20260422,Madrid Masters,Clay,QF,0.9651944587079107,0.03480554129208935,1,1
20260422,Madrid Masters,Clay,SF,0.8658493739419434,0.1341506260580566,1,1
20260422,Madrid Masters,Clay,R16,0.5325715416618265,0.4674284583381735,1,1
20260422,Madrid Masters,Clay,R16,0.8066865047743932,0.1933134952256068,1,1
20260422,Madrid Masters,Clay,R16,0.14688820902335284,0.8531117909766471,1,0
20260422,Madrid Masters,Clay,R64,0.8616639711089578,0.13833602889104224,1,1
20260422,Madrid Masters,Clay,R64,0.5565540542383771,0.4434459457616229,1,1
20260422,Madrid Masters,Clay,R64,0.84804580651378,0.15195419348621997,1,1
20260422,Madrid Masters,Clay,R32,0.9020740824263913,0.09792591757360869,1,1
20260422,Madrid Masters,Clay,R128,0.8425115294832342,0.15748847051676584,1,1
20260422,Madrid Masters,Clay,R128,0.7687275924208117,0.23127240757918832,1,1
20260422,Madrid Masters,Clay,R128,0.8492372446707571,0.15076275532924288,1,1
20260422,Madrid Masters,Clay,QF,0.775507444325162,0.22449255567483795,1,1
20260422,Madrid Masters,Clay,R128,0.7893241726860529,0.21067582731394707,1,1
20260422,Madrid Masters,Clay,R64,0.6612154568546539,0.3387845431453461,1,1
20260422,Madrid Masters,Clay,R64,0.8981245700496034,0.10187542995039656,1,1
20260422,Madrid Masters,Clay,R32,0.7010344431664703,0.29896555683352966,1,1
20260422,Madrid Masters,Clay,F,0.7779110710477255,0.2220889289522745,1,1
20260422,Madrid Masters,Clay,R32,0.9951704931871147,0.004829506812885298,1,1
20260422,Madrid Masters,Clay,R32,0.946236833502953,0.053763166497047044,1,1
20260422,Madrid Masters,Clay,R128,0.8248104722435278,0.17518952775647223,1,1
20260422,Madrid Masters,Clay,R32,0.7086977203073727,0.29130227969262734,1,1
20260422,Madrid Masters,Clay,R64,0.5022985167904043,0.49770148320959573,1,1
20260422,Madrid Masters,Clay,R32,0.7669114158846413,0.2330885841153587,1,1
20260422,Madrid Masters,Clay,R16,0.615862663732459,0.384137336267541,1,1
20260422,Madrid Masters,Clay,R32,0.5790372982255145,0.42096270177448547,1,1
20260422,Madrid Masters,Clay,R128,0.7219569642302137,0.2780430357697863,1,1
20260422,Madrid Masters,Clay,R128,0.8881233567567368,0.11187664324326319,1,1
20260422,Madrid Masters,Clay,R32,0.4489687404270698,0.5510312595729302,1,0
20260422,Madrid Masters,Clay,R32,0.7407644968975412,0.2592355031024588,1,1
20260422,Madrid Masters,Clay,QF,0.5829642647577603,0.4170357352422397,1,1
20260422,Madrid Masters,Clay,R32,0.7856696632210514,0.21433033677894864,1,1
20260422,Madrid Masters,Clay,R128,0.7490737235492413,0.2509262764507587,1,1
20260422,Madrid Masters,Clay,R32,0.4962579151297595,0.5037420848702405,1,0
20260422,Madrid Masters,Clay,R32,0.9269054819439511,0.07309451805604894,1,1
20260422,Madrid Masters,Clay,R128,0.6403684288239279,0.35963157117607214,1,1
20260422,Madrid Masters,Clay,R64,0.9244211947068537,0.07557880529314631,1,1
20260422,Madrid Masters,Clay,R64,0.8407007676895943,0.15929923231040566,1,1
20260422,Madrid Masters,Clay,R64,0.9008590480037609,0.09914095199623907,1,1
20260422,Madrid Masters,Clay,R128,0.6235724578050476,0.37642754219495245,1,1
20260422,Madrid Masters,Clay,R64,0.6164791933465096,0.3835208066534904,1,1
20260422,Madrid Masters,Clay,R64,0.8620750876323502,0.1379249123676498,1,1
20260422,Madrid Masters,Clay,R64,0.783863437655322,0.21613656234467804,1,1
20260422,Madrid Masters,Clay,R128,0.8102486008397383,0.18975139916026174,1,1
20260422,Madrid Masters,Clay,R64,0.9446041724607007,0.05539582753929928,1,1
20260422,Madrid Masters,Clay,R64,0.5930624745758359,0.40693752542416406,1,1
20260422,Madrid Masters,Clay,R64,0.8707360332624318,0.12926396673756824,1,1
20260422,Madrid Masters,Clay,R64,0.8568395670634882,0.14316043293651182,1,1
20260422,Madrid Masters,Clay,R64,0.8714141741194594,0.12858582588054057,1,1
20260422,Madrid Masters,Clay,R64,0.7510928621549557,0.24890713784504426,1,1
20260422,Madrid Masters,Clay,R64,0.8480174568664295,0.1519825431335705,1,1
20260422,Madrid Masters,Clay,R64,0.8734733383683585,0.1265266616316415,1,1
20260422,Madrid Masters,Clay,R128,0.7154764921538225,0.2845235078461775,1,1
20260422,Madrid Masters,Clay,R128,0.8063645490869151,0.19363545091308487,1,1
20260422,Madrid Masters,Clay,R32,0.6984247783595345,0.30157522164046546,1,1
20260422,Madrid Masters,Clay,R128,0.7575148437669396,0.24248515623306044,1,1
20260422,Madrid Masters,Clay,R128,0.5878518667652801,0.4121481332347199,1,1
20260422,Madrid Masters,Clay,R128,0.7292696752248757,0.27073032477512426,1,1
20260422,Madrid Masters,Clay,R128,0.7610168786824109,0.23898312131758914,1,1
20260422,Madrid Masters,Clay,R128,0.8953030413082329,0.1046969586917671,1,1
20260422,Madrid Masters,Clay,R128,0.795841560482625,0.204158439517375,1,1
20260422,Madrid Masters,Clay,R128,0.7240348347091758,0.27596516529082415,1,1
20260422,Madrid Masters,Clay,R128,0.7832755963172968,0.21672440368270318,1,1
20260422,Madrid Masters,Clay,R128,0.81292114680853,0.18707885319147,1,1
20260422,Madrid Masters,Clay,R128,0.8281816255695292,0.17181837443047077,1,1
20260422,Madrid Masters,Clay,R128,0.7811658679169876,0.2188341320830124,1,1
20260422,Madrid Masters,Clay,R128,0.7221478609493608,0.2778521390506392,1,1
20260422,Madrid Masters,Clay,R128,0.804081937270167,0.19591806272983303,1,1
20260506,Rome Masters,Clay,R128,0.5117663690655576,0.4882336309344424,1,1
20260506,Rome Masters,Clay,R32,0.2827860191887334,0.7172139808112665,1,0
20260506,Rome Masters,Clay,R64,0.05055810933074185,0.9494418906692581,1,0
20260506,Rome Masters,Clay,R64,0.3411716209444711,0.6588283790555289,1,0
20260506,Rome Masters,Clay,R128,0.2072492438117196,0.7927507561882804,1,0
20260506,Rome Masters,Clay,R32,0.8465203478908253,0.1534796521091747,1,1
20260506,Rome Masters,Clay,R64,0.14591706218431244,0.8540829378156876,1,0
20260506,Rome Masters,Clay,R64,0.36539792286698475,0.6346020771330152,1,0
20260506,Rome Masters,Clay,R64,0.7116644176985297,0.2883355823014703,1,1
20260506,Rome Masters,Clay,QF,0.5294639642605004,0.47053603573949965,1,1
20260506,Rome Masters,Clay,R16,0.4914250282384985,0.5085749717615016,1,0
20260506,Rome Masters,Clay,R64,0.6833082208591714,0.3166917791408286,1,1
20260506,Rome Masters,Clay,R16,0.8938788872819702,0.10612111271802982,1,1
20260506,Rome Masters,Clay,R64,0.48868551218145584,0.5113144878185442,1,0
20260506,Rome Masters,Clay,F,0.7280127416551977,0.2719872583448023,1,1
20260506,Rome Masters,Clay,R32,0.9401490385206025,0.0598509614793975,1,1
20260506,Rome Masters,Clay,SF,0.5927453439712786,0.40725465602872135,1,1
20260506,Rome Masters,Clay,R64,0.47259704652082646,0.5274029534791735,1,0
20260506,Rome Masters,Clay,R128,0.338276699474071,0.661723300525929,1,0
20260506,Rome Masters,Clay,R128,0.7884257727557,0.21157422724429997,1,1
20260506,Rome Masters,Clay,R128,0.4533868287151736,0.5466131712848263,1,0
20260506,Rome Masters,Clay,R128,0.27868346742518574,0.7213165325748143,1,0
20260506,Rome Masters,Clay,R128,0.4105416110191234,0.5894583889808767,1,0
20260506,Rome Masters,Clay,R128,0.4632205170188884,0.5367794829811117,1,0
20260506,Rome Masters,Clay,QF,0.8843733054205702,0.11562669457942976,1,1
20260506,Rome Masters,Clay,R128,0.4409294894139602,0.5590705105860398,1,0
20260506,Rome Masters,Clay,QF,0.9166488377756608,0.08335116222433925,1,1
20260506,Rome Masters,Clay,R32,0.5450908378227721,0.4549091621772279,1,1
20260506,Rome Masters,Clay,R128,0.8338819106219102,0.1661180893780898,1,1
20260506,Rome Masters,Clay,R128,0.5819482058781793,0.4180517941218207,1,1
20260506,Rome Masters,Clay,R128,0.6082240095240115,0.39177599047598854,1,1
20260506,Rome Masters,Clay,R128,0.751489829932488,0.24851017006751197,1,1
20260506,Rome Masters,Clay,R128,0.4660218640409515,0.5339781359590485,1,0
20260506,Rome Masters,Clay,R64,0.38235518688665054,0.6176448131133494,1,0
20260506,Rome Masters,Clay,R64,0.20757003204400842,0.7924299679559916,1,0
20260506,Rome Masters,Clay,R64,0.24948509339289954,0.7505149066071004,1,0
20260506,Rome Masters,Clay,R64,0.4390951317452402,0.5609048682547598,1,0
20260506,Rome Masters,Clay,R64,0.6116316507789546,0.38836834922104535,1,1
20260506,Rome Masters,Clay,R32,0.4340289933407551,0.5659710066592449,1,0
20260506,Rome Masters,Clay,QF,0.5896572008663725,0.4103427991336275,1,1
20260506,Rome Masters,Clay,R64,0.5139537663585841,0.48604623364141586,1,1
20260506,Rome Masters,Clay,R16,0.8606157164798552,0.13938428352014476,1,1
20260506,Rome Masters,Clay,R128,0.7995918870932601,0.20040811290673988,1,1
20260506,Rome Masters,Clay,R128,0.8420672982802186,0.15793270171978135,1,1
20260506,Rome Masters,Clay,R16,0.3907782726902661,0.6092217273097339,1,0
20260506,Rome Masters,Clay,R16,0.7529933205484132,0.24700667945158683,1,1
20260506,Rome Masters,Clay,R16,0.6775119940887069,0.3224880059112931,1,1
20260506,Rome Masters,Clay,R64,0.9126120559138831,0.08738794408611694,1,1
20260506,Rome Masters,Clay,R128,0.8023661501199928,0.1976338498800072,1,1
20260506,Rome Masters,Clay,R32,0.7351384729960768,0.2648615270039232,1,1
20260506,Rome Masters,Clay,R128,0.7976267909766166,0.2023732090233834,1,1
20260506,Rome Masters,Clay,R128,0.7049844433207602,0.29501555667923984,1,1
20260506,Rome Masters,Clay,R128,0.7327816771001081,0.2672183228998919,1,1
20260506,Rome Masters,Clay,R64,0.778536899797885,0.22146310020211502,1,1
20260506,Rome Masters,Clay,R128,0.8675842391660578,0.13241576083394224,1,1
20260506,Rome Masters,Clay,R128,0.801312869855464,0.19868713014453598,1,1
20260506,Rome Masters,Clay,R64,0.19757957110126145,0.8024204288987385,1,0
20260506,Rome Masters,Clay,R64,0.8759774032697835,0.12402259673021654,1,1
20260506,Rome Masters,Clay,R64,0.684885882269625,0.315114117730375,1,1
20260506,Rome Masters,Clay,R64,0.8576919628643185,0.14230803713568152,1,1
20260506,Rome Masters,Clay,R16,0.9379118725593893,0.06208812744061065,1,1
20260506,Rome Masters,Clay,R128,0.7566777155830546,0.24332228441694537,1,1
20260506,Rome Masters,Clay,R32,0.49453575032407404,0.505464249675926,1,0
20260506,Rome Masters,Clay,R128,0.8484837267911086,0.15151627320889138,1,1
20260506,Rome Masters,Clay,R32,0.6491961049346346,0.35080389506536536,1,1
20260506,Rome Masters,Clay,R128,0.7293863234947681,0.27061367650523194,1,1
20260506,Rome Masters,Clay,R64,0.9825132309111118,0.017486769088888243,1,1
20260506,Rome Masters,Clay,R32,0.26753877733053194,0.732461222669468,1,0
20260506,Rome Masters,Clay,R32,0.8487666142071606,0.1512333857928394,1,1
20260506,Rome Masters,Clay,R128,0.7285702669341189,0.27142973306588114,1,1
20260506,Rome Masters,Clay,R128,0.7418920347343642,0.25810796526563584,1,1
20260506,Rome Masters,Clay,R128,0.7929029527401379,0.2070970472598621,1,1
20260506,Rome Masters,Clay,R32,0.8353283072573245,0.16467169274267546,1,1
20260506,Rome Masters,Clay,R32,0.7704402468646827,0.2295597531353173,1,1
20260506,Rome Masters,Clay,R128,0.9283538974217458,0.07164610257825421,1,1
20260506,Rome Masters,Clay,R128,0.7742492826904953,0.2257507173095047,1,1
20260506,Rome Masters,Clay,R32,0.45283891247392183,0.5471610875260782,1,0
20260506,Rome Masters,Clay,R16,0.3446746137679194,0.6553253862320806,1,0
20260506,Rome Masters,Clay,R32,0.5926215385018051,0.4073784614981949,1,1
20260506,Rome Masters,Clay,R64,0.48546189621199837,0.5145381037880017,1,0
20260506,Rome Masters,Clay,R32,0.8524208003464387,0.14757919965356125,1,1
20260506,Rome Masters,Clay,R32,0.6826230357695244,0.31737696423047557,1,1
20260506,Rome Masters,Clay,R64,0.7888703539783704,0.21112964602162965,1,1
20260506,Rome Masters,Clay,SF,0.8709694789751175,0.12903052102488255,1,1
20260506,Rome Masters,Clay,R128,0.820656804470109,0.17934319552989098,1,1
20260506,Rome Masters,Clay,R64,0.7521309628255826,0.24786903717441744,1,1
20260506,Rome Masters,Clay,R64,0.6724077202302813,0.3275922797697187,1,1
20260506,Rome Masters,Clay,R128,0.7335090817317867,0.26649091826821325,1,1
20260506,Rome Masters,Clay,R64,0.5646802846988673,0.43531971530113267,1,1
20260506,Rome Masters,Clay,R64,0.9092906090436155,0.09070939095638453,1,1
20260506,Rome Masters,Clay,R64,0.5447926070785052,0.4552073929214948,1,1
20260506,Rome Masters,Clay,R64,0.8511837900403114,0.14881620995968858,1,1
20260506,Rome Masters,Clay,R64,0.7252365699181486,0.27476343008185145,1,1
20260506,Rome Masters,Clay,R64,0.8751870968237405,0.12481290317625948,1,1
20260506,Rome Masters,Clay,R64,0.47431043472424467,0.5256895652757554,1,0
20260517,Geneva,Clay,R16,0.9125852215457524,0.08741477845424761,1,1
20260517,Hamburg,Clay,R32,0.6448946871106644,0.35510531288933556,1,1
20260517,Hamburg,Clay,R32,0.7778774357460772,0.22212256425392285,1,1
20260517,Geneva,Clay,F,0.5436148249246244,0.45638517507537557,1,1
20260517,Hamburg,Clay,R32,0.24376707645660467,0.7562329235433953,1,0
20260517,Hamburg,Clay,R32,0.8960913397339682,0.10390866026603185,1,1
20260517,Hamburg,Clay,QF,0.2132256701929596,0.7867743298070404,1,0
20260517,Hamburg,Clay,R32,0.8320893463464999,0.1679106536535001,1,1
20260517,Hamburg,Clay,R16,0.23743955659510746,0.7625604434048925,1,0
20260517,Geneva,Clay,R16,0.6096929302584663,0.39030706974153373,1,1
20260517,Geneva,Clay,R16,0.5292546057935953,0.4707453942064047,1,1
20260517,Geneva,Clay,R16,0.675282647889597,0.324717352110403,1,1
20260517,Geneva,Clay,QF,0.7335161929388349,0.26648380706116515,1,1
20260517,Geneva,Clay,QF,0.5013180040245496,0.4986819959754504,1,1
20260517,Geneva,Clay,R32,0.8091741750387748,0.19082582496122524,1,1
20260517,Geneva,Clay,SF,0.21454242684270583,0.7854575731572941,1,0
20260517,Geneva,Clay,R32,0.7765761291851621,0.22342387081483794,1,1
20260517,Geneva,Clay,QF,0.7483266919546554,0.2516733080453446,1,1
20260517,Hamburg,Clay,R16,0.6300100747333798,0.3699899252666202,1,1
20260517,Geneva,Clay,R32,0.6641955910556248,0.33580440894437524,1,1
20260517,Hamburg,Clay,R16,0.32059247194420826,0.6794075280557917,1,0
20260517,Hamburg,Clay,R16,0.29886477179419263,0.7011352282058074,1,0
20260517,Geneva,Clay,R32,0.13620634849023638,0.8637936515097636,1,0
20260517,Hamburg,Clay,R16,0.20539439639847973,0.7946056036015203,1,0
20260517,Hamburg,Clay,R32,0.7894052363636326,0.21059476363636742,1,1
20260517,Geneva,Clay,R16,0.7646643640888272,0.2353356359111728,1,1
20260517,Hamburg,Clay,R16,0.5778632353407671,0.4221367646592329,1,1
20260517,Hamburg,Clay,R32,0.8257777217947724,0.17422227820522762,1,1
20260517,Hamburg,Clay,QF,0.785323573219338,0.214676426780662,1,1
20260517,Geneva,Clay,R16,0.6136827573206767,0.3863172426793233,1,1
20260517,Geneva,Clay,R16,0.7758923535650838,0.2241076464349162,1,1
20260517,Geneva,Clay,R32,0.8742959112933143,0.1257040887066857,1,1
20260517,Hamburg,Clay,R32,0.7975321895687196,0.20246781043128037,1,1
20260517,Hamburg,Clay,R32,0.8677750554139335,0.13222494458606648,1,1
20260517,Hamburg,Clay,R16,0.38680354966353275,0.6131964503364673,1,0
20260517,Hamburg,Clay,R32,0.8443969632212579,0.1556030367787421,1,1
20260517,Hamburg,Clay,R32,0.7740556030821452,0.22594439691785484,1,1
20260517,Hamburg,Clay,R32,0.7704358588597858,0.22956414114021417,1,1
20260517,Hamburg,Clay,R32,0.8828568353301111,0.11714316466988894,1,1
20260517,Hamburg,Clay,R32,0.8715939464091459,0.1284060535908541,1,1
20260517,Hamburg,Clay,R32,0.8691157665874106,0.13088423341258937,1,1
20260517,Geneva,Clay,SF,0.3675785145759394,0.6324214854240606,1,0
20260517,Geneva,Clay,R32,0.5835708448763299,0.41642915512367007,1,1
20260517,Geneva,Clay,R32,0.8218581480152651,0.17814185198473487,1,1
20260517,Geneva,Clay,R32,0.8355052077525245,0.16449479224747554,1,1
20260517,Geneva,Clay,QF,0.6266232769665575,0.3733767230334425,1,1
20260517,Geneva,Clay,R32,0.8208769742631301,0.1791230257368699,1,1
20260517,Geneva,Clay,R32,0.6749963771723155,0.32500362282768447,1,1
20260517,Geneva,Clay,R32,0.8061222500724381,0.1938777499275619,1,1
20260517,Geneva,Clay,R16,0.6432465931521602,0.35675340684783985,1,1
20260517,Hamburg,Clay,F,0.26091996649754745,0.7390800335024525,1,0
20260517,Hamburg,Clay,SF,0.6987126910830431,0.3012873089169569,1,1
20260517,Hamburg,Clay,SF,0.42167997348638203,0.5783200265136179,1,0
20260517,Hamburg,Clay,QF,0.549954933427579,0.45004506657242105,1,1
20260517,Hamburg,Clay,QF,0.5911628624125467,0.4088371375874533,1,1
20260517,Geneva,Clay,R32,0.8868774161881882,0.11312258381181184,1,1
20260517,Hamburg,Clay,R32,0.8000800984736687,0.19991990152633132,1,1
20260517,Hamburg,Clay,R16,0.6498192345885472,0.3501807654114528,1,1
20260206,Davis Cup QLS R1: CHI vs SRB,Clay,RR,0.13272280994175015,0.8672771900582499,0,1
20260206,Davis Cup QLS R1: CHI vs SRB,Clay,RR,0.32802290418661956,0.6719770958133804,0,1
20260206,Davis Cup QLS R1: CHI vs SRB,Clay,RR,0.31463695716794216,0.6853630428320578,0,1
20260206,Davis Cup WG1 PO: PAR vs ROU,Clay,RR,0.24265643750355098,0.7573435624964491,0,1
20260206,Davis Cup WG1 PO: PAR vs ROU,Clay,RR,0.3682082284072134,0.6317917715927865,0,1
20260206,Davis Cup WG1 PO: SLO vs TUR,Clay,RR,0.46007364483474944,0.5399263551652506,0,1
20260206,Davis Cup WG1 PO: SLO vs TUR,Clay,RR,0.18588794008434578,0.8141120599156542,0,1
20260206,Davis Cup WG1 PO: SLO vs TUR,Clay,RR,0.3734243817318936,0.6265756182681064,0,1
20260206,Davis Cup WG1 PO: PAR vs ROU,Clay,RR,0.21673971025174155,0.7832602897482585,0,1
20260207,Davis Cup WG1 PO: MAR vs COL,Clay,RR,0.7526743938867368,0.24732560611326315,0,0
20260207,Davis Cup QLS R1: USA vs HUN,Clay,RR,0.09739342893278219,0.9026065710672178,0,1
20260207,Davis Cup QLS R1: BEL vs BUL,Clay,RR,0.11996333591895139,0.8800366640810486,0,1
20260207,Davis Cup QLS R1: AUS vs ECU,Clay,RR,0.6523524163007438,0.3476475836992562,0,0
20260207,Davis Cup QLS R1: BEL vs BUL,Clay,RR,0.1603169032702637,0.8396830967297363,0,1
20260207,Davis Cup QLS R1: AUS vs ECU,Clay,RR,0.3658341484692574,0.6341658515307427,0,1
20260207,Davis Cup WG1 PO: EGY vs POL,Clay,RR,0.5326860298115981,0.46731397018840193,0,0
20260207,Davis Cup QLS R1: BEL vs BUL,Clay,RR,0.14318135021126943,0.8568186497887306,0,1
20260207,Davis Cup QLS R1: AUS vs ECU,Clay,RR,0.7665558188431664,0.23344418115683363,0,0
20260207,Davis Cup WG1 PO: EGY vs POL,Clay,RR,0.5360260958277977,0.4639739041722023,0,0
20260207,Davis Cup WG1 PO: MAR vs COL,Clay,RR,0.3645759156591049,0.6354240843408951,0,1
20260207,Davis Cup WG1 PO: MAR vs COL,Clay,RR,0.18672218601806478,0.8132778139819352,0,1
20260207,Davis Cup WG1 PO: EGY vs POL,Clay,RR,0.6522866289773853,0.3477133710226147,0,0
20260207,Davis Cup QLS R1: USA vs HUN,Clay,RR,0.637789719267969,0.362210280732031,0,0
20260207,Davis Cup QLS R1: USA vs HUN,Clay,RR,0.1477708701753268,0.8522291298246731,0,1
20260209,Buenos Aires,Clay,R32,0.7119154772266834,0.28808452277331664,0,0
20260209,Buenos Aires,Clay,R16,0.07742251204919144,0.9225774879508085,0,1
20260209,Buenos Aires,Clay,R32,0.5460331703653013,0.4539668296346987,0,0
20260209,Buenos Aires,Clay,R32,0.30920658235772136,0.6907934176422786,0,1
20260209,Buenos Aires,Clay,R32,0.34902545023374393,0.650974549766256,0,1
20260209,Buenos Aires,Clay,R16,0.7917178819930389,0.20828211800696106,0,0
20260209,Buenos Aires,Clay,R32,0.8471597636614161,0.1528402363385839,0,0
20260209,Buenos Aires,Clay,R32,0.2636408405880476,0.7363591594119524,0,1
20260209,Buenos Aires,Clay,QF,0.12314557944552759,0.8768544205544724,0,1
20260209,Buenos Aires,Clay,R32,0.23556946534468526,0.7644305346553147,0,1
20260209,Buenos Aires,Clay,R32,0.0530680861013062,0.9469319138986938,0,1
20260209,Buenos Aires,Clay,QF,0.6517959413656484,0.34820405863435155,0,0
20260209,Buenos Aires,Clay,QF,0.6937884432127259,0.3062115567872741,0,0
20260209,Buenos Aires,Clay,SF,0.8313827540831934,0.1686172459168066,0,0
20260209,Buenos Aires,Clay,SF,0.3325961103907453,0.6674038896092547,0,1
20260209,Buenos Aires,Clay,F,0.40201599720527353,0.5979840027947265,0,1
20260209,Buenos Aires,Clay,R16,0.5826814485709161,0.4173185514290839,0,0
20260209,Buenos Aires,Clay,R16,0.17649425811142921,0.8235057418885707,0,1
20260209,Buenos Aires,Clay,R16,0.2719273599239155,0.7280726400760845,0,1
20260209,Buenos Aires,Clay,R16,0.3303464993662268,0.6696535006337732,0,1
20260209,Buenos Aires,Clay,R16,0.7650606960184702,0.23493930398152985,0,0
20260209,Buenos Aires,Clay,QF,0.21819599676102636,0.7818040032389737,0,1
20260209,Buenos Aires,Clay,R32,0.2762954602155443,0.7237045397844557,0,1
20260209,Buenos Aires,Clay,R32,0.15219743242310793,0.8478025675768921,0,1
20260209,Buenos Aires,Clay,R32,0.10456085748714533,0.8954391425128547,0,1
20260209,Buenos Aires,Clay,R16,0.16555672654219414,0.8344432734578059,0,1
20260209,Buenos Aires,Clay,R32,0.2269521522546118,0.7730478477453882,0,1
20260216,Rio de Janeiro,Clay,R32,0.1910143664692917,0.8089856335307083,0,1
20260216,Rio de Janeiro,Clay,R32,0.7370143523577437,0.2629856476422563,0,0
20260216,Rio de Janeiro,Clay,R32,0.3136965150709787,0.6863034849290213,0,1
20260216,Rio de Janeiro,Clay,R32,0.13796242656280208,0.8620375734371979,0,1
20260216,Rio de Janeiro,Clay,R32,0.5566971369687362,0.44330286303126376,0,0
20260216,Rio de Janeiro,Clay,R32,0.1262740490440889,0.8737259509559111,0,1
20260216,Rio de Janeiro,Clay,QF,0.8375639980821964,0.1624360019178036,0,0
20260216,Rio de Janeiro,Clay,R32,0.07863646738534626,0.9213635326146538,0,1
20260216,Rio de Janeiro,Clay,R32,0.7784091982335875,0.22159080176641255,0,0
20260216,Rio de Janeiro,Clay,R32,0.40443689323918025,0.5955631067608198,0,1
20260216,Rio de Janeiro,Clay,R32,0.317272682297613,0.6827273177023869,0,1
20260216,Rio de Janeiro,Clay,F,0.767807613768377,0.23219238623162297,0,0
20260216,Rio de Janeiro,Clay,R32,0.2812043377763589,0.7187956622236411,0,1
20260216,Rio de Janeiro,Clay,R16,0.5657181131381411,0.43428188686185887,0,0
20260216,Rio de Janeiro,Clay,R16,0.797823197094045,0.20217680290595497,0,0
20260216,Rio de Janeiro,Clay,R16,0.25920471634762193,0.7407952836523781,0,1
20260216,Rio de Janeiro,Clay,R32,0.8559266565664461,0.14407334343355394,0,0
20260216,Rio de Janeiro,Clay,R32,0.16402024541841692,0.835979754581583,0,1
20260216,Rio de Janeiro,Clay,R32,0.4406546562479563,0.5593453437520437,0,1
20260216,Rio de Janeiro,Clay,SF,0.4298400101121093,0.5701599898878906,0,1
20260216,Rio de Janeiro,Clay,SF,0.3662090936222318,0.6337909063777682,0,1
20260216,Rio de Janeiro,Clay,QF,0.2640852444129613,0.7359147555870387,0,1
20260216,Rio de Janeiro,Clay,QF,0.582086808819171,0.41791319118082904,0,0
20260216,Rio de Janeiro,Clay,R16,0.7437855372217835,0.25621446277821647,0,0
20260216,Rio de Janeiro,Clay,R16,0.6950731818415491,0.3049268181584509,0,0
20260216,Rio de Janeiro,Clay,R16,0.17300708466260784,0.8269929153373922,0,1
20260216,Rio de Janeiro,Clay,R32,0.1482951075014931,0.8517048924985069,0,1
20260216,Rio de Janeiro,Clay,QF,0.4318869531738208,0.5681130468261792,0,1
20260216,Rio de Janeiro,Clay,R32,0.08122557382308522,0.9187744261769147,0,1
20260216,Rio de Janeiro,Clay,R16,0.5795313611029153,0.42046863889708475,0,0
20260216,Rio de Janeiro,Clay,R16,0.31585993560095077,0.6841400643990492,0,1
20260223,Santiago,Clay,QF,0.10467415070350049,0.8953258492964995,0,1
20260223,Santiago,Clay,F,0.18113129841961154,0.8188687015803885,0,1
20260223,Santiago,Clay,SF,0.3535830494180914,0.6464169505819086,0,1
20260223,Santiago,Clay,SF,0.19381359824640476,0.8061864017535952,0,1
20260223,Santiago,Clay,QF,0.11586992603490263,0.8841300739650974,0,1
20260223,Santiago,Clay,QF,0.2207380316831803,0.7792619683168197,0,1
20260223,Santiago,Clay,R16,0.14608383275776923,0.8539161672422307,0,1
20260223,Santiago,Clay,R16,0.1279555632310244,0.8720444367689756,0,1
20260223,Santiago,Clay,R16,0.23268585129996933,0.7673141487000307,0,1
20260223,Santiago,Clay,R16,0.16693639568009078,0.8330636043199092,0,1
20260223,Santiago,Clay,R16,0.2583279229860963,0.7416720770139037,0,1
20260223,Santiago,Clay,R16,0.16683723426785424,0.8331627657321458,0,1
20260223,Santiago,Clay,R32,0.46708315809011514,0.5329168419098849,0,1
20260223,Santiago,Clay,R32,0.20905592373312792,0.790944076266872,0,1
20260223,Santiago,Clay,R32,0.19647385889394026,0.8035261411060597,0,1
20260223,Santiago,Clay,R16,0.3025305826737734,0.6974694173262266,0,1
20260223,Santiago,Clay,R32,0.24950923687881746,0.7504907631211826,0,1
20260223,Santiago,Clay,R32,0.40415335561583454,0.5958466443841655,0,1
20260223,Santiago,Clay,R32,0.11749467068345495,0.882505329316545,0,1
20260223,Santiago,Clay,QF,0.22511318871264896,0.774886811287351,0,1
20260223,Santiago,Clay,R32,0.1512487700196714,0.8487512299803286,0,1
20260223,Santiago,Clay,R32,0.11160250268226138,0.8883974973177386,0,1
20260223,Santiago,Clay,R32,0.20975749237625377,0.7902425076237463,0,1
20260223,Santiago,Clay,R32,0.32386899291580806,0.6761310070841919,0,1
20260223,Santiago,Clay,R32,0.21726529834306935,0.7827347016569306,0,1
20260223,Santiago,Clay,R16,0.10054331435661318,0.8994566856433868,0,1
20260223,Santiago,Clay,R32,0.21664896142175782,0.7833510385782422,0,1
20260330,Bucharest,Clay,R32,0.7819460835041334,0.21805391649586658,0,0
20260330,Bucharest,Clay,R16,0.7395567199885491,0.2604432800114509,0,0
20260330,Bucharest,Clay,R16,0.8328135750044362,0.1671864249955638,0,0
20260330,Bucharest,Clay,R32,0.6733408880492132,0.3266591119507868,0,0
20260330,Bucharest,Clay,R32,0.3347782578870092,0.6652217421129908,0,1
20260330,Bucharest,Clay,R32,0.3594440540172045,0.6405559459827955,0,1
20260330,Bucharest,Clay,R32,0.14326136614362095,0.856738633856379,0,1
20260330,Bucharest,Clay,QF,0.6744429383168895,0.3255570616831105,0,0
20260330,Marrakech,Clay,F,0.3745796726282006,0.6254203273717994,0,1
20260330,Bucharest,Clay,R16,0.2671785122711719,0.7328214877288282,0,1
20260330,Bucharest,Clay,R16,0.3600569633196364,0.6399430366803636,0,1
20260330,Bucharest,Clay,R16,0.5482704333892268,0.45172956661077324,0,0
20260330,Marrakech,Clay,QF,0.41209289332303445,0.5879071066769656,0,1
20260330,Marrakech,Clay,R32,0.23140168857656176,0.7685983114234383,0,1
20260330,Houston,Clay,SF,0.808493043428477,0.19150695657152295,0,0
20260330,Marrakech,Clay,R32,0.19352549160559082,0.8064745083944092,0,1
20260330,Marrakech,Clay,R16,0.10131363204953552,0.8986863679504645,0,1
20260330,Marrakech,Clay,R32,0.25575849517341165,0.7442415048265884,0,1
20260330,Marrakech,Clay,R32,0.7124407437582955,0.28755925624170453,0,0
20260330,Houston,Clay,R32,0.7378183484871992,0.2621816515128008,0,0
20260330,Marrakech,Clay,R32,0.13669700006011704,0.8633029999398829,0,1
20260330,Bucharest,Clay,QF,0.5101569936421323,0.4898430063578677,0,0
20260330,Marrakech,Clay,R32,0.8561224720566898,0.1438775279433102,0,0
20260330,Marrakech,Clay,R32,0.2093914199553025,0.7906085800446975,0,1
20260330,Bucharest,Clay,SF,0.33734428362143476,0.6626557163785652,0,1
20260330,Bucharest,Clay,F,0.23643701003055956,0.7635629899694405,0,1
20260330,Marrakech,Clay,R32,0.2567180338395645,0.7432819661604355,0,1
20260330,Bucharest,Clay,R16,0.15867005188692346,0.8413299481130765,0,1
20260330,Houston,Clay,R16,0.1833791736552423,0.8166208263447576,0,1
20260330,Marrakech,Clay,QF,0.3440374755752574,0.6559625244247427,0,1
20260330,Bucharest,Clay,QF,0.43527584697115757,0.5647241530288425,0,1
20260330,Houston,Clay,R32,0.16000398761104512,0.8399960123889549,0,1
20260330,Bucharest,Clay,R32,0.28262060267762834,0.7173793973223717,0,1
20260330,Houston,Clay,QF,0.34171149114438076,0.6582885088556192,0,1
20260330,Houston,Clay,QF,0.43422414374903073,0.5657758562509693,0,1
20260330,Houston,Clay,R16,0.18871305776803377,0.8112869422319662,0,1
20260330,Houston,Clay,R16,0.13520898963060166,0.8647910103693983,0,1
20260330,Marrakech,Clay,R16,0.33477094084738424,0.6652290591526158,0,1
20260330,Bucharest,Clay,R32,0.23852763744571107,0.761472362554289,0,1
20260330,Bucharest,Clay,QF,0.5675123530140658,0.4324876469859342,0,0
20260330,Houston,Clay,QF,0.2954324680910917,0.7045675319089083,0,1
20260330,Houston,Clay,SF,0.38731476664366876,0.6126852333563313,0,1
20260330,Bucharest,Clay,R16,0.2811729474570726,0.7188270525429274,0,1
20260330,Bucharest,Clay,R16,0.21242093817034802,0.787579061829652,0,1
20260330,Houston,Clay,R32,0.37262195793666736,0.6273780420633326,0,1
20260330,Houston,Clay,F,0.16212096804485054,0.8378790319551495,0,1
20260330,Marrakech,Clay,R32,0.7292332073060155,0.2707667926939845,0,0
20260330,Marrakech,Clay,R32,0.19189714928429483,0.8081028507157052,0,1
20260330,Marrakech,Clay,SF,0.5405839998939667,0.45941600010603334,0,0
20260330,Houston,Clay,R32,0.11963871813110033,0.8803612818688997,0,1
20260330,Marrakech,Clay,R16,0.5123983031700745,0.4876016968299255,0,0
20260330,Marrakech,Clay,R32,0.15945259650208105,0.840547403497919,0,1
20260330,Marrakech,Clay,QF,0.44291793333962043,0.5570820666603795,0,1
20260330,Marrakech,Clay,R16,0.10007403010715926,0.8999259698928408,0,1
20260330,Marrakech,Clay,R16,0.5400842091268607,0.4599157908731393,0,0
20260330,Marrakech,Clay,R16,0.5097676180784512,0.49023238192154883,0,0
20260330,Houston,Clay,R16,0.11749580885890085,0.8825041911410991,0,1
20260330,Marrakech,Clay,SF,0.7453241112430471,0.2546758887569529,0,0
20260330,Houston,Clay,R32,0.7618262429842886,0.23817375701571142,0,0
20260330,Marrakech,Clay,R16,0.3844457759597933,0.6155542240402068,0,1
20260330,Houston,Clay,R32,0.2929579004654548,0.7070420995345452,0,1
20260330,Marrakech,Clay,R16,0.5360104201145026,0.4639895798854974,0,0
20260330,Bucharest,Clay,R32,0.2767175308448934,0.7232824691551065,0,1
20260330,Bucharest,Clay,R32,0.1891617672499869,0.8108382327500131,0,1
20260330,Marrakech,Clay,QF,0.4493147374418381,0.550685262558162,0,1
20260330,Marrakech,Clay,R32,0.5291969408395191,0.47080305916048093,0,0
20260330,Houston,Clay,R16,0.16002308937312265,0.8399769106268773,0,1
20260330,Bucharest,Clay,SF,0.725042852966567,0.274957147033433,0,0
20260330,Bucharest,Clay,R32,0.12112923349932715,0.8788707665006729,0,1
20260330,Houston,Clay,R16,0.36110164265340067,0.6388983573465994,0,1
20260330,Houston,Clay,R32,0.18796591760396114,0.8120340823960388,0,1
20260330,Houston,Clay,QF,0.7258619734299557,0.27413802657004427,0,0
20260330,Houston,Clay,R32,0.2587250144955753,0.7412749855044247,0,1
20260330,Bucharest,Clay,R32,0.25782396011247166,0.7421760398875283,0,1
20260330,Houston,Clay,R32,0.2980641377514614,0.7019358622485385,0,1
20260330,Houston,Clay,R32,0.11502810185952475,0.8849718981404753,0,1
20260330,Houston,Clay,R32,0.3135775927374879,0.686422407262512,0,1
20260330,Bucharest,Clay,R32,0.17746937539753405,0.822530624602466,0,1
20260330,Houston,Clay,R16,0.5106265768271574,0.4893734231728426,0,0
20260330,Houston,Clay,R32,0.16994368258911535,0.8300563174108846,0,1
20260330,Houston,Clay,R16,0.13692894952740006,0.8630710504725999,0,1
20260405,Monte Carlo Masters,Clay,QF,0.09097384873163011,0.9090261512683699,0,1
20260405,Monte Carlo Masters,Clay,QF,0.11478867765510795,0.8852113223448921,0,1
20260405,Monte Carlo Masters,Clay,SF,0.2259028224338539,0.774097177566146,0,1
20260405,Monte Carlo Masters,Clay,R32,0.053025382621685574,0.9469746173783145,0,1
20260405,Monte Carlo Masters,Clay,R32,0.44557330100070214,0.5544266989992979,0,1
20260405,Monte Carlo Masters,Clay,R16,0.41580061443157346,0.5841993855684265,0,1
20260405,Monte Carlo Masters,Clay,SF,0.03716964684202658,0.9628303531579734,0,1
20260405,Monte Carlo Masters,Clay,R32,0.02965041401869896,0.970349585981301,0,1
20260405,Monte Carlo Masters,Clay,R64,0.21640346736107538,0.7835965326389246,0,1
20260405,Monte Carlo Masters,Clay,R64,0.26771123651074225,0.7322887634892578,0,1
20260405,Monte Carlo Masters,Clay,R16,0.3739023928381127,0.6260976071618873,0,1
20260405,Monte Carlo Masters,Clay,R64,0.49877344136067453,0.5012265586393254,0,1
20260405,Monte Carlo Masters,Clay,R32,0.16549123841141852,0.8345087615885814,0,1
20260405,Monte Carlo Masters,Clay,R32,0.3352098138640501,0.66479018613595,0,1
20260405,Monte Carlo Masters,Clay,R64,0.17291573790669001,0.82708426209331,0,1
20260405,Monte Carlo Masters,Clay,R32,0.2237654302550891,0.7762345697449109,0,1
20260405,Monte Carlo Masters,Clay,R32,0.05716508043321121,0.9428349195667888,0,1
20260405,Monte Carlo Masters,Clay,R16,0.027255763888732323,0.9727442361112677,0,1
20260405,Monte Carlo Masters,Clay,R16,0.06985265600198526,0.9301473439980148,0,1
20260405,Monte Carlo Masters,Clay,R32,0.659548444086053,0.34045155591394705,0,0
20260405,Monte Carlo Masters,Clay,R64,0.1546552937155174,0.8453447062844825,0,1
20260405,Monte Carlo Masters,Clay,QF,0.6843905518490963,0.31560944815090375,0,0
20260405,Monte Carlo Masters,Clay,R64,0.13043141196075386,0.8695685880392461,0,1
20260405,Monte Carlo Masters,Clay,R64,0.18457017353010455,0.8154298264698955,0,1
20260405,Monte Carlo Masters,Clay,R64,0.2656845744487899,0.7343154255512101,0,1
20260405,Monte Carlo Masters,Clay,R64,0.14059315880689255,0.8594068411931075,0,1
20260405,Monte Carlo Masters,Clay,R32,0.5484039903471664,0.45159600965283364,0,0
20260405,Monte Carlo Masters,Clay,R64,0.18249621008712757,0.8175037899128724,0,1
20260405,Monte Carlo Masters,Clay,R32,0.8608793936751833,0.1391206063248167,0,0
20260405,Monte Carlo Masters,Clay,R64,0.8864434104999387,0.11355658950006131,0,0
20260405,Monte Carlo Masters,Clay,R64,0.18649609590563135,0.8135039040943687,0,1
20260405,Monte Carlo Masters,Clay,R16,0.08148625451906075,0.9185137454809392,0,1
20260405,Monte Carlo Masters,Clay,F,0.5608259314579223,0.43917406854207774,0,0
20260405,Monte Carlo Masters,Clay,R32,0.46015707628487906,0.539842923715121,0,1
20260405,Monte Carlo Masters,Clay,R32,0.43195023708752145,0.5680497629124786,0,1
20260405,Monte Carlo Masters,Clay,R16,0.5282357656822401,0.47176423431775993,0,0
20260405,Monte Carlo Masters,Clay,R64,0.46672410359183236,0.5332758964081676,0,1
20260405,Monte Carlo Masters,Clay,R64,0.14086698370966536,0.8591330162903347,0,1
20260405,Monte Carlo Masters,Clay,R16,0.12173662128778728,0.8782633787122127,0,1
20260405,Monte Carlo Masters,Clay,R32,0.12438661560179638,0.8756133843982036,0,1
20260405,Monte Carlo Masters,Clay,R64,0.14661321455558907,0.8533867854444109,0,1
20260405,Monte Carlo Masters,Clay,R32,0.23433296719353405,0.765667032806466,0,1
20260405,Monte Carlo Masters,Clay,R64,0.46039725080823235,0.5396027491917676,0,1
20260405,Monte Carlo Masters,Clay,R64,0.21245748878675028,0.7875425112132497,0,1
20260405,Monte Carlo Masters,Clay,R32,0.49408056828511054,0.5059194317148894,0,1
20260405,Monte Carlo Masters,Clay,R64,0.4633535522114534,0.5366464477885466,0,1
20260405,Monte Carlo Masters,Clay,R64,0.41818628201775554,0.5818137179822445,0,1
20260405,Monte Carlo Masters,Clay,QF,0.143027119290072,0.8569728807099279,0,1
20260405,Monte Carlo Masters,Clay,R64,0.2612040333951121,0.7387959666048879,0,1
20260405,Monte Carlo Masters,Clay,R64,0.21070429347999914,0.7892957065200008,0,1
20260405,Monte Carlo Masters,Clay,R16,0.39352768132601285,0.6064723186739871,0,1
20260405,Monte Carlo Masters,Clay,R64,0.11180047721020649,0.8881995227897935,0,1
20260405,Monte Carlo Masters,Clay,R64,0.1804548256236017,0.8195451743763983,0,1
20260405,Monte Carlo Masters,Clay,R64,0.195560451420499,0.8044395485795011,0,1
20260405,Monte Carlo Masters,Clay,R32,0.6602770907827105,0.33972290921728954,0,0
20260413,Munich,Clay,R32,0.3167070115745165,0.6832929884254835,0,1
20260413,Barcelona,Clay,R32,0.1402731478672029,0.8597268521327971,0,1
20260413,Munich,Clay,SF,0.3101606733857875,0.6898393266142124,0,1
20260413,Barcelona,Clay,R16,0.644458724746944,0.355541275253056,0,0
20260413,Munich,Clay,QF,0.1845932329105332,0.8154067670894668,0,1
20260413,Barcelona,Clay,R32,0.3131621871257814,0.6868378128742185,0,1
20260413,Munich,Clay,R16,0.1397667323846524,0.8602332676153476,0,1
20260413,Munich,Clay,QF,0.13267164259600703,0.8673283574039929,0,1
20260413,Munich,Clay,R32,0.1305053578022955,0.8694946421977046,0,1
20260413,Barcelona,Clay,R16,0.4413452096705761,0.5586547903294239,0,1
20260413,Barcelona,Clay,R16,0.8865857743905918,0.11341422560940817,0,0
20260413,Barcelona,Clay,R16,0.14285240931136467,0.8571475906886353,0,1
20260413,Barcelona,Clay,QF,0.39115347965036174,0.6088465203496383,0,1
20260413,Barcelona,Clay,QF,0.15875947619905453,0.8412405238009455,0,1
20260413,Barcelona,Clay,SF,0.20680117957462038,0.7931988204253796,0,1
20260413,Barcelona,Clay,R16,0.8066127725177725,0.19338722748222748,0,0
20260413,Barcelona,Clay,R16,0.12746764468587748,0.8725323553141225,0,1
20260413,Munich,Clay,R16,0.22738620083318578,0.7726137991668143,0,1
20260413,Barcelona,Clay,R32,0.06000035246112814,0.9399996475388719,0,1
20260413,Munich,Clay,SF,0.8327036371391454,0.16729636286085459,0,0
20260413,Munich,Clay,R16,0.16078626820239597,0.8392137317976041,0,1
20260413,Barcelona,Clay,R32,0.167074689187163,0.8329253108128369,0,1
20260413,Munich,Clay,F,0.41163978401985685,0.5883602159801431,0,1
20260413,Barcelona,Clay,F,0.671013941917296,0.328986058082704,0,0
20260413,Barcelona,Clay,R16,0.12337526005342461,0.8766247399465754,0,1
20260413,Munich,Clay,R32,0.11044555846893968,0.8895544415310603,0,1
20260413,Munich,Clay,R32,0.1406883782137125,0.8593116217862875,0,1
20260413,Munich,Clay,R32,0.06604541348807633,0.9339545865119236,0,1
20260413,Munich,Clay,R32,0.10451398169177947,0.8954860183082205,0,1
20260413,Munich,Clay,R32,0.14747068800060611,0.8525293119993939,0,1
20260413,Munich,Clay,R16,0.15481693326564316,0.8451830667343568,0,1
20260413,Barcelona,Clay,R32,0.46371888530937205,0.5362811146906279,0,1
20260413,Munich,Clay,R32,0.39461928452925227,0.6053807154707478,0,1
20260413,Munich,Clay,R16,0.7246220700460397,0.27537792995396027,0,0
20260413,Munich,Clay,QF,0.23967784537757472,0.7603221546224253,0,1
20260413,Munich,Clay,R16,0.12171262163134491,0.8782873783686551,0,1
20260413,Barcelona,Clay,R32,0.08780129847172148,0.9121987015282785,0,1
20260413,Munich,Clay,R32,0.6890837510991852,0.3109162489008148,0,0
20260413,Barcelona,Clay,R32,0.2592619851589945,0.7407380148410054,0,1
20260413,Barcelona,Clay,R32,0.25085603598119416,0.7491439640188058,0,1
20260413,Barcelona,Clay,R32,0.2244812465681565,0.7755187534318435,0,1
20260413,Munich,Clay,R32,0.13071801010553002,0.8692819898944699,0,1
20260413,Barcelona,Clay,R32,0.1619540530270309,0.8380459469729691,0,1
20260413,Barcelona,Clay,QF,0.5592417303332107,0.4407582696667893,0,0
20260413,Barcelona,Clay,R32,0.13882292284797276,0.8611770771520273,0,1
20260413,Munich,Clay,QF,0.20775293755461233,0.7922470624453877,0,1
20260413,Barcelona,Clay,R32,0.09920928694256279,0.9007907130574372,0,1
20260413,Barcelona,Clay,SF,0.21225940171108282,0.7877405982889172,0,1
20260413,Barcelona,Clay,R32,0.157080113248244,0.842919886751756,0,1
20260413,Barcelona,Clay,R32,0.18177193072795686,0.8182280692720432,0,1
20260413,Munich,Clay,R16,0.2579766400047702,0.7420233599952297,0,1
20260413,Munich,Clay,R32,0.08495285109109808,0.9150471489089019,0,1
20260413,Munich,Clay,R32,0.18543423464260306,0.814565765357397,0,1
20260413,Munich,Clay,R16,0.4436445416946347,0.5563554583053654,0,1
20260413,Munich,Clay,R32,0.26180664811460574,0.7381933518853943,0,1
20260413,Barcelona,Clay,QF,0.5053692075673949,0.4946307924326051,0,0
20260413,Barcelona,Clay,R16,0.11665878308668771,0.8833412169133122,0,1
20260413,Barcelona,Clay,R32,0.14774258458026923,0.8522574154197308,0,1
20260413,Munich,Clay,R32,0.17250582624598518,0.8274941737540148,0,1
20260413,Munich,Clay,R32,0.32957421552723565,0.6704257844727644,0,1
20260413,Barcelona,Clay,R32,0.01427986723015189,0.9857201327698482,0,1
20260413,Munich,Clay,R32,0.17687309065666434,0.8231269093433357,0,1
20260422,Madrid Masters,Clay,R64,0.9174839236702064,0.08251607632979363,0,0
20260422,Madrid Masters,Clay,R32,0.27180494579279907,0.7281950542072009,0,1
20260422,Madrid Masters,Clay,R64,0.18957221982258385,0.8104277801774161,0,1
20260422,Madrid Masters,Clay,R16,0.7767137021245829,0.2232862978754171,0,0
20260422,Madrid Masters,Clay,R64,0.4294218530293804,0.5705781469706196,0,1
20260422,Madrid Masters,Clay,R128,0.8056721320457406,0.19432786795425938,0,0
20260422,Madrid Masters,Clay,R64,0.010282865804854475,0.9897171341951455,0,1
20260422,Madrid Masters,Clay,R64,0.11737048530232722,0.8826295146976728,0,1
20260422,Madrid Masters,Clay,R64,0.7643127138831294,0.23568728611687062,0,0
20260422,Madrid Masters,Clay,R64,0.7905567081714236,0.20944329182857635,0,0
20260422,Madrid Masters,Clay,R32,0.06534246756037339,0.9346575324396266,0,1
20260422,Madrid Masters,Clay,R64,0.4688798106534349,0.5311201893465651,0,1
20260422,Madrid Masters,Clay,R64,0.24816037006555952,0.7518396299344405,0,1
20260422,Madrid Masters,Clay,R128,0.145325569842787,0.854674430157213,0,1
20260422,Madrid Masters,Clay,R64,0.8594034799825245,0.14059652001747547,0,0
20260422,Madrid Masters,Clay,R128,0.3774418092623351,0.6225581907376649,0,1
20260422,Madrid Masters,Clay,R32,0.1280472619920093,0.8719527380079907,0,1
20260422,Madrid Masters,Clay,R128,0.17709827999062788,0.8229017200093721,0,1
20260422,Madrid Masters,Clay,R64,0.28013363396316926,0.7198663660368307,0,1
20260422,Madrid Masters,Clay,R128,0.19682090878474787,0.8031790912152521,0,1
20260422,Madrid Masters,Clay,R128,0.21036349045982455,0.7896365095401754,0,1
20260422,Madrid Masters,Clay,SF,0.1385711002747953,0.8614288997252046,0,1
20260422,Madrid Masters,Clay,R64,0.3862004965657422,0.6137995034342578,0,1
20260422,Madrid Masters,Clay,R16,0.11214664048091764,0.8878533595190824,0,1
20260422,Madrid Masters,Clay,R16,0.13672584543316416,0.8632741545668359,0,1
20260422,Madrid Masters,Clay,R16,0.07497902023493352,0.9250209797650665,0,1
20260422,Madrid Masters,Clay,QF,0.800844902417666,0.19915509758233396,0,0
20260422,Madrid Masters,Clay,QF,0.027233017492826354,0.9727669825071736,0,1
20260422,Madrid Masters,Clay,SF,0.12811374313715698,0.871886256862843,0,1
20260422,Madrid Masters,Clay,R16,0.4955930763069198,0.5044069236930802,0,1
20260422,Madrid Masters,Clay,R16,0.18655700060907415,0.8134429993909258,0,1
20260422,Madrid Masters,Clay,R16,0.852251969785455,0.14774803021454497,0,0
20260422,Madrid Masters,Clay,R64,0.15254420118996756,0.8474557988100324,0,1
20260422,Madrid Masters,Clay,R64,0.45004399120119654,0.5499560087988035,0,1
20260422,Madrid Masters,Clay,R64,0.1503108747635642,0.8496891252364358,0,1
20260422,Madrid Masters,Clay,R32,0.0956710719438817,0.9043289280561183,0,1
20260422,Madrid Masters,Clay,R128,0.14722460109230673,0.8527753989076933,0,1
20260422,Madrid Masters,Clay,R128,0.22612328048855357,0.7738767195114464,0,1
20260422,Madrid Masters,Clay,R128,0.1570327933719535,0.8429672066280465,0,1
20260422,Madrid Masters,Clay,QF,0.2161050517810601,0.7838949482189399,0,1
20260422,Madrid Masters,Clay,R128,0.2089252255142775,0.7910747744857225,0,1
20260422,Madrid Masters,Clay,R64,0.3119209797207216,0.6880790202792784,0,1
20260422,Madrid Masters,Clay,R64,0.10173836513020515,0.8982616348697948,0,1
20260422,Madrid Masters,Clay,R32,0.3112687493881439,0.6887312506118561,0,1
20260422,Madrid Masters,Clay,F,0.21636525570762583,0.7836347442923741,0,1
20260422,Madrid Masters,Clay,R32,0.005126507694454486,0.9948734923055456,0,1
20260422,Madrid Masters,Clay,R32,0.049905966133028425,0.9500940338669716,0,1
20260422,Madrid Masters,Clay,R128,0.16600231912199193,0.8339976808780081,0,1
20260422,Madrid Masters,Clay,R32,0.29914448128746846,0.7008555187125316,0,1
20260422,Madrid Masters,Clay,R64,0.49137662298631213,0.5086233770136879,0,1
20260422,Madrid Masters,Clay,R32,0.2435501390257015,0.7564498609742984,0,1
20260422,Madrid Masters,Clay,R16,0.37174039978809015,0.6282596002119099,0,1
20260422,Madrid Masters,Clay,R32,0.4195817217674824,0.5804182782325176,0,1
20260422,Madrid Masters,Clay,R128,0.2745944963582621,0.725405503641738,0,1
20260422,Madrid Masters,Clay,R128,0.12358732974639643,0.8764126702536036,0,1
20260422,Madrid Masters,Clay,R32,0.562392959866481,0.43760704013351903,0,0
20260422,Madrid Masters,Clay,R32,0.23503725254656171,0.7649627474534383,0,1
20260422,Madrid Masters,Clay,QF,0.40321493125060465,0.5967850687493954,0,1
20260422,Madrid Masters,Clay,R32,0.23192523797698394,0.768074762023016,0,1
20260422,Madrid Masters,Clay,R128,0.2316400050968318,0.7683599949031682,0,1
20260422,Madrid Masters,Clay,R32,0.5104210665907475,0.4895789334092525,0,0
20260422,Madrid Masters,Clay,R32,0.05727217700829615,0.9427278229917039,0,1
20260422,Madrid Masters,Clay,R128,0.3525624347888944,0.6474375652111056,0,1
20260422,Madrid Masters,Clay,R64,0.07836073145985173,0.9216392685401482,0,1
20260422,Madrid Masters,Clay,R64,0.15840769233139962,0.8415923076686004,0,1
20260422,Madrid Masters,Clay,R64,0.0884552115604475,0.9115447884395524,0,1
20260422,Madrid Masters,Clay,R128,0.39886804139025805,0.6011319586097419,0,1
20260422,Madrid Masters,Clay,R64,0.3949762654652574,0.6050237345347427,0,1
20260422,Madrid Masters,Clay,R64,0.13382778889494878,0.8661722111050512,0,1
20260422,Madrid Masters,Clay,R64,0.2139290688160107,0.7860709311839893,0,1
20260422,Madrid Masters,Clay,R128,0.19364306658677988,0.8063569334132201,0,1
20260422,Madrid Masters,Clay,R64,0.057020679071477925,0.9429793209285221,0,1
20260422,Madrid Masters,Clay,R64,0.3818034608507994,0.6181965391492006,0,1
20260422,Madrid Masters,Clay,R64,0.14166466171869435,0.8583353382813057,0,1
20260422,Madrid Masters,Clay,R64,0.1398780628016433,0.8601219371983567,0,1
20260422,Madrid Masters,Clay,R64,0.12857696637567168,0.8714230336243283,0,1
20260422,Madrid Masters,Clay,R64,0.2546231386581037,0.7453768613418963,0,1
20260422,Madrid Masters,Clay,R64,0.14787913087781338,0.8521208691221867,0,1
20260422,Madrid Masters,Clay,R64,0.12358657790204913,0.8764134220979509,0,1
20260422,Madrid Masters,Clay,R128,0.2805681515839027,0.7194318484160973,0,1
20260422,Madrid Masters,Clay,R128,0.18594879811251386,0.8140512018874861,0,1
20260422,Madrid Masters,Clay,R32,0.30713902790361536,0.6928609720963846,0,1
20260422,Madrid Masters,Clay,R128,0.23961740744076415,0.7603825925592358,0,1
20260422,Madrid Masters,Clay,R128,0.43761145568105797,0.562388544318942,0,1
20260422,Madrid Masters,Clay,R128,0.26148640438394866,0.7385135956160513,0,1
20260422,Madrid Masters,Clay,R128,0.24426208484737014,0.7557379151526299,0,1
20260422,Madrid Masters,Clay,R128,0.10414291289417188,0.8958570871058281,0,1
20260422,Madrid Masters,Clay,R128,0.19519376332448826,0.8048062366755118,0,1
20260422,Madrid Masters,Clay,R128,0.2668838867820209,0.7331161132179791,0,1
20260422,Madrid Masters,Clay,R128,0.22045155502608493,0.7795484449739151,0,1
20260422,Madrid Masters,Clay,R128,0.1911789747564627,0.8088210252435373,0,1
20260422,Madrid Masters,Clay,R128,0.16229447796501734,0.8377055220349827,0,1
20260422,Madrid Masters,Clay,R128,0.206556206322789,0.793443793677211,0,1
20260422,Madrid Masters,Clay,R128,0.27571705761735327,0.7242829423826467,0,1
20260422,Madrid Masters,Clay,R128,0.18440987481570328,0.8155901251842967,0,1
20260506,Rome Masters,Clay,R128,0.49004884909542923,0.5099511509045708,0,1
20260506,Rome Masters,Clay,R32,0.7243897703609857,0.27561022963901427,0,0
20260506,Rome Masters,Clay,R64,0.9405467545766295,0.05945324542337049,0,0
20260506,Rome Masters,Clay,R64,0.6506926564652127,0.3493073435347873,0,0
20260506,Rome Masters,Clay,R128,0.7933219528618928,0.20667804713810722,0,0
20260506,Rome Masters,Clay,R32,0.14270137757443888,0.8572986224255611,0,1
20260506,Rome Masters,Clay,R64,0.8544394683944998,0.1455605316055002,0,0
20260506,Rome Masters,Clay,R64,0.6302559272463145,0.3697440727536855,0,0
20260506,Rome Masters,Clay,R64,0.28564277176870856,0.7143572282312914,0,1
20260506,Rome Masters,Clay,QF,0.47961343995573436,0.5203865600442656,0,1
20260506,Rome Masters,Clay,R16,0.5169181868480746,0.48308181315192544,0,0
20260506,Rome Masters,Clay,R64,0.3045673080277417,0.6954326919722583,0,1
20260506,Rome Masters,Clay,R16,0.11080213466181082,0.8891978653381891,0,1
20260506,Rome Masters,Clay,R64,0.5309070725707006,0.4690929274292994,0,0
20260506,Rome Masters,Clay,F,0.2799580736377149,0.720041926362285,0,1
20260506,Rome Masters,Clay,R32,0.05388867821044846,0.9461113217895516,0,1
20260506,Rome Masters,Clay,SF,0.3974334151582122,0.6025665848417878,0,1
20260506,Rome Masters,Clay,R64,0.5581812913893182,0.44181870861068184,0,0
20260506,Rome Masters,Clay,R128,0.6537980230782205,0.34620197692177945,0,0
20260506,Rome Masters,Clay,R128,0.21235799809275993,0.7876420019072401,0,1
20260506,Rome Masters,Clay,R128,0.5465446744969351,0.4534553255030649,0,0
20260506,Rome Masters,Clay,R128,0.7230587316434435,0.2769412683565565,0,0
20260506,Rome Masters,Clay,R128,0.5943624795938052,0.40563752040619483,0,0
20260506,Rome Masters,Clay,R128,0.5227946480256179,0.4772053519743821,0,0
20260506,Rome Masters,Clay,QF,0.1090038558618133,0.8909961441381867,0,1
20260506,Rome Masters,Clay,R128,0.5572631128184352,0.4427368871815648,0,0
20260506,Rome Masters,Clay,QF,0.08101661969857607,0.9189833803014239,0,1
20260506,Rome Masters,Clay,R32,0.4344487146656666,0.5655512853343334,0,1
20260506,Rome Masters,Clay,R128,0.165887644491066,0.834112355508934,0,1
20260506,Rome Masters,Clay,R128,0.4117693022582615,0.5882306977417384,0,1
20260506,Rome Masters,Clay,R128,0.3860310009215929,0.6139689990784071,0,1
20260506,Rome Masters,Clay,R128,0.2466557282396985,0.7533442717603015,0,1
20260506,Rome Masters,Clay,R128,0.5530802961822555,0.4469197038177445,0,0
20260506,Rome Masters,Clay,R64,0.5992961132415205,0.40070388675847946,0,0
20260506,Rome Masters,Clay,R64,0.8015339329649425,0.19846606703505754,0,0
20260506,Rome Masters,Clay,R64,0.7416055564134814,0.25839444358651864,0,0
20260506,Rome Masters,Clay,R64,0.5696742149626404,0.43032578503735963,0,0
20260506,Rome Masters,Clay,R64,0.3845841975104938,0.6154158024895062,0,1
20260506,Rome Masters,Clay,R32,0.5626835155393441,0.43731648446065585,0,0
20260506,Rome Masters,Clay,QF,0.42157881095415073,0.5784211890458493,0,1
20260506,Rome Masters,Clay,R64,0.4684773803702582,0.5315226196297418,0,1
20260506,Rome Masters,Clay,R16,0.13928787328056735,0.8607121267194326,0,1
20260506,Rome Masters,Clay,R128,0.19602022609003167,0.8039797739099683,0,1
20260506,Rome Masters,Clay,R128,0.16175258058525166,0.8382474194147483,0,1
20260506,Rome Masters,Clay,R16,0.6350271267033928,0.3649728732966072,0,0
20260506,Rome Masters,Clay,R16,0.27178410528559094,0.7282158947144091,0,1
20260506,Rome Masters,Clay,R16,0.3109397709217674,0.6890602290782326,0,1
20260506,Rome Masters,Clay,R64,0.08485883039013899,0.915141169609861,0,1
20260506,Rome Masters,Clay,R128,0.19357124063719466,0.8064287593628053,0,1
20260506,Rome Masters,Clay,R32,0.2702911201168626,0.7297088798831374,0,1
20260506,Rome Masters,Clay,R128,0.20418011867018407,0.795819881329816,0,1
20260506,Rome Masters,Clay,R128,0.3144233248658255,0.6855766751341745,0,1
20260506,Rome Masters,Clay,R128,0.2595614300864242,0.7404385699135758,0,1
20260506,Rome Masters,Clay,R64,0.2099706107327638,0.7900293892672362,0,1
20260506,Rome Masters,Clay,R128,0.1410732676659369,0.8589267323340631,0,1
20260506,Rome Masters,Clay,R128,0.19539208908495737,0.8046079109150426,0,1
20260506,Rome Masters,Clay,R64,0.8172080731787186,0.18279192682128143,0,0
20260506,Rome Masters,Clay,R64,0.1212666450871333,0.8787333549128666,0,1
20260506,Rome Masters,Clay,R64,0.30617004100739986,0.6938299589926001,0,1
20260506,Rome Masters,Clay,R64,0.14144192884941809,0.8585580711505819,0,1
20260506,Rome Masters,Clay,R16,0.05348202851238807,0.946517971487612,0,1
20260506,Rome Masters,Clay,R128,0.2393302484244696,0.7606697515755304,0,1
20260506,Rome Masters,Clay,R32,0.4961103467553174,0.5038896532446826,0,1
20260506,Rome Masters,Clay,R128,0.14544630684479667,0.8545536931552034,0,1
20260506,Rome Masters,Clay,R32,0.3529307415869285,0.6470692584130715,0,1
20260506,Rome Masters,Clay,R128,0.28123028661248095,0.718769713387519,0,1
20260506,Rome Masters,Clay,R64,0.014770138142194585,0.9852298618578054,0,1
20260506,Rome Masters,Clay,R32,0.7371738796497075,0.2628261203502925,0,0
20260506,Rome Masters,Clay,R32,0.1379714482183948,0.8620285517816052,0,1
20260506,Rome Masters,Clay,R128,0.26301537856886553,0.7369846214311344,0,1
20260506,Rome Masters,Clay,R128,0.27628610981313884,0.7237138901868612,0,1
20260506,Rome Masters,Clay,R128,0.1983210536035246,0.8016789463964754,0,1
20260506,Rome Masters,Clay,R32,0.17181680161993115,0.8281831983800688,0,1
20260506,Rome Masters,Clay,R32,0.22372098590240158,0.7762790140975984,0,1
20260506,Rome Masters,Clay,R128,0.07498481469062018,0.9250151853093798,0,1
20260506,Rome Masters,Clay,R128,0.22959827255646717,0.7704017274435329,0,1
20260506,Rome Masters,Clay,R32,0.5512844039620014,0.4487155960379986,0,0
20260506,Rome Masters,Clay,R16,0.6516475887985811,0.3483524112014189,0,0
20260506,Rome Masters,Clay,R32,0.4045339900126436,0.5954660099873563,0,1
20260506,Rome Masters,Clay,R64,0.5294953850136841,0.4705046149863159,0,0
20260506,Rome Masters,Clay,R32,0.16075320521889458,0.8392467947811054,0,1
20260506,Rome Masters,Clay,R32,0.3320390540665831,0.6679609459334169,0,1
20260506,Rome Masters,Clay,R64,0.20896967943389347,0.7910303205661066,0,1
20260506,Rome Masters,Clay,SF,0.11695008071215884,0.8830499192878412,0,1
20260506,Rome Masters,Clay,R128,0.17403060283769556,0.8259693971623044,0,1
20260506,Rome Masters,Clay,R64,0.2552695386430781,0.7447304613569219,0,1
20260506,Rome Masters,Clay,R64,0.34246863887504697,0.657531361124953,0,1
20260506,Rome Masters,Clay,R128,0.2774687044008156,0.7225312955991844,0,1
20260506,Rome Masters,Clay,R64,0.43089269113335293,0.5691073088666471,0,1
20260506,Rome Masters,Clay,R64,0.07901589174297166,0.9209841082570284,0,1
20260506,Rome Masters,Clay,R64,0.4762534086306876,0.5237465913693125,0,1
20260506,Rome Masters,Clay,R64,0.155953880656312,0.844046119343688,0,1
20260506,Rome Masters,Clay,R64,0.27652488841603506,0.7234751115839649,0,1
20260506,Rome Masters,Clay,R64,0.13018178431540042,0.8698182156845996,0,1
20260506,Rome Masters,Clay,R64,0.5437813530961535,0.4562186469038465,0,0
20260517,Geneva,Clay,R16,0.08233812112776656,0.9176618788722335,0,1
20260517,Hamburg,Clay,R32,0.33949772397087963,0.6605022760291204,0,1
20260517,Hamburg,Clay,R32,0.2227124682540669,0.7772875317459331,0,1
20260517,Geneva,Clay,F,0.4700780362631964,0.5299219637368036,0,1
20260517,Hamburg,Clay,R32,0.7551724881652285,0.24482751183477147,0,0
20260517,Hamburg,Clay,R32,0.1051529153409382,0.8948470846590618,0,1
20260517,Hamburg,Clay,QF,0.8033774705739342,0.19662252942606584,0,0
20260517,Hamburg,Clay,R32,0.16946882429359195,0.830531175706408,0,1
20260517,Hamburg,Clay,R16,0.7646274381564653,0.23537256184353472,0,0
20260517,Geneva,Clay,R16,0.3910873399981491,0.6089126600018508,0,1
20260517,Geneva,Clay,R16,0.48781151316348964,0.5121884868365103,0,1
20260517,Geneva,Clay,R16,0.29343888903909154,0.7065611109609085,0,1
20260517,Geneva,Clay,QF,0.2641642584371232,0.7358357415628768,0,1
20260517,Geneva,Clay,QF,0.48529493803476126,0.5147050619652387,0,1
20260517,Geneva,Clay,R32,0.17579077557546127,0.8242092244245387,0,1
20260517,Geneva,Clay,SF,0.7809866175414221,0.21901338245857793,0,0
20260517,Geneva,Clay,R32,0.20945261412754887,0.7905473858724511,0,1
20260517,Geneva,Clay,QF,0.2557541728907376,0.7442458271092625,0,1
20260517,Hamburg,Clay,R16,0.3644862967218942,0.6355137032781057,0,1
20260517,Geneva,Clay,R32,0.3218455774872065,0.6781544225127936,0,1
20260517,Hamburg,Clay,R16,0.6815057023371891,0.3184942976628109,0,0
20260517,Hamburg,Clay,R16,0.7011529997759977,0.29884700022400235,0,0
20260517,Geneva,Clay,R32,0.8598024145826425,0.1401975854173575,0,0
20260517,Hamburg,Clay,R16,0.8011095375237096,0.19889046247629039,0,0
20260517,Hamburg,Clay,R32,0.2049759002950347,0.7950240997049653,0,1
20260517,Geneva,Clay,R16,0.2242762679799606,0.7757237320200394,0,1
20260517,Hamburg,Clay,R16,0.41623807854832223,0.5837619214516778,0,1
20260517,Hamburg,Clay,R32,0.18362675896199993,0.816373241038,0,1
20260517,Hamburg,Clay,QF,0.21583596619538917,0.7841640338046109,0,1
20260517,Geneva,Clay,R16,0.39353378824714436,0.6064662117528556,0,1
20260517,Geneva,Clay,R16,0.2265223148769766,0.7734776851230234,0,1
20260517,Geneva,Clay,R32,0.1387689943497281,0.8612310056502719,0,1
20260517,Hamburg,Clay,R32,0.19942298598459993,0.8005770140154,0,1
20260517,Hamburg,Clay,R32,0.1475398295956836,0.8524601704043164,0,1
20260517,Hamburg,Clay,R16,0.6178129237009465,0.38218707629905346,0,0
20260517,Hamburg,Clay,R32,0.16472359919652524,0.8352764008034748,0,1
20260517,Hamburg,Clay,R32,0.22064908305967545,0.7793509169403245,0,1
20260517,Hamburg,Clay,R32,0.21669844532580168,0.7833015546741984,0,1
20260517,Hamburg,Clay,R32,0.11273694039173027,0.8872630596082698,0,1
20260517,Hamburg,Clay,R32,0.12836846912060437,0.8716315308793956,0,1
20260517,Hamburg,Clay,R32,0.12627274876377279,0.8737272512362272,0,1
20260517,Geneva,Clay,SF,0.6536435612076853,0.3463564387923147,0,0
20260517,Geneva,Clay,R32,0.4042446193768501,0.5957553806231499,0,1
20260517,Geneva,Clay,R32,0.17462723221180704,0.825372767788193,0,1
20260517,Geneva,Clay,R32,0.13997505342879724,0.8600249465712028,0,1
20260517,Geneva,Clay,QF,0.3724416472233505,0.6275583527766495,0,1
20260517,Geneva,Clay,R32,0.16858515015134368,0.8314148498486563,0,1
20260517,Geneva,Clay,R32,0.31762352678760086,0.6823764732123991,0,1
20260517,Geneva,Clay,R32,0.20483046299851984,0.7951695370014802,0,1
20260517,Geneva,Clay,R16,0.3469347056563052,0.6530652943436948,0,1
20260517,Hamburg,Clay,F,0.7122721029446178,0.28772789705538215,0,0
20260517,Hamburg,Clay,SF,0.33043208574088473,0.6695679142591153,0,1
20260517,Hamburg,Clay,SF,0.5806404079014743,0.4193595920985257,0,0
20260517,Hamburg,Clay,QF,0.44892808339166695,0.5510719166083331,0,1
20260517,Hamburg,Clay,QF,0.4153076621478479,0.584692337852152,0,1
20260517,Geneva,Clay,R32,0.10367760081969733,0.8963223991803027,0,1
20260517,Hamburg,Clay,R32,0.18677534383369465,0.8132246561663053,0,1
20260517,Hamburg,Clay,R16,0.34789155386456555,0.6521084461354345,0,1
